text,label
குவளாலம்பூர் மழை காரணமாக விமான சேவை பாதிக்கப்பட்டது.,real
கடல் மாசு மீனவர்களை பாதிக்கிறது.,negative
நாட்டு வருமான வளர்ச்சி விகிதம் 6.5% என்று கணக்கிடப்பட்டது.,real
இந்த செய்தியை பகிர்ந்தால் உங்களுக்கு திடீர் அதிர்ஷ்டம் வரும்.,fake
மனமும் உடலும் சோர்ந்திருக்கின்றன.,negative
சரக்கு வண்டி இரவு நேரத்தில் ஓட்டி தூக்கம் கெடுக்கிறது.,negative
என் குடும்பம் ஒன்றாக சேர்ந்து சாப்பிட்டோம்.,positive
குழந்தை இல்லாதவர்களுக்கு இந்த மருந்து 100% பலனளிக்கும்.,fake
என் வாழ்க்கை பயணம் அர்த்தமுள்ளதாக இருக்கிறது.,positive
வன்முறை செய்தி பார்க்கும்போது மனம் கனக்கிறது.,negative
அரசு ஆவண மயமாக்கல் திட்டம் முன்னேற்றம் கண்டது.,real
"தினமும் இதே பிரச்சினை, தீர்வு தெரியவில்லை.",negative
அமெரிக்க நடிகை இந்தியாவில் குடியேறுவதாக வரும் செய்தி போலி.,fake
கவிஞரின் வரிகள் இதயத்தை தொடுகின்றன.,positive
ஒரு புது இடம் பார்க்கும்போது மனம் விரிவடைகிறது.,positive
கல்வி சீர்திருத்த குழு புதிய பரிந்துரைகள் அளித்தது.,real
யாரையும் நம்பவே கஷ்டமாக இருக்கிறது.,negative
என் தொழிலில் புதிய வாய்ப்பு கிடைத்தது.,positive
தமிழ் உணவுகள் ஆரோக்கியமாகவும் சுவையாகவும் இருக்கும்.,positive
"கோல்ஃப் கற்றுக்கொள்கிறேன், புதிய திறன் வளர்கிறது.",positive
தேசிய அளவில் கல்வி தரவரிசையில் தமிழ்நாடு மூன்றாமிடம் பெற்றது.,real
என் அண்டை வீட்டார் மிகவும் நல்லவர்கள்.,positive
தமிழ் கலை மரபுகள் என்றும் நிலைத்திருக்கட்டும்.,positive
வைரஸ் பரவாமல் இருக்க கடுகு எண்ணெய் மூக்கில் போடவேண்டும்.,fake
நீங்கள் இதை படிக்கும்போது உங்கள் வாழ்க்கை மாறும்.,fake
கல்வி அமைச்சர் புதிய பாடத்திட்டம் குறித்து விளக்கம் அளித்தார்.,real
"தண்ணீர் தினமும் வருவதில்லை, மிகவும் கஷ்டமாக இருக்கிறது.",negative
"நீச்சல் கற்றுக்கொண்டேன், ஒரு புது திறன் பெற்றேன்.",positive
சுற்றுப்புறச் சூழல் மாசு அதிகமாகிறது.,negative
காட்டில் அலைந்திருக்கும் ஆவிகள் பற்றி புதிய ஆவணம்.,fake
இந்த தேவாலயத்தில் தொழுதால் உங்கள் நோய் குணமாகும் என்று சான்று உள்ளது.,fake
யாரும் என்னை நம்பவில்லை.,negative
"மரங்கள் வெட்டப்படுகின்றன, யாரும் கேள்வி கேட்பதில்லை.",negative
ஒரு கிராமத்தில் மண் தானாக நகர்கிறது என்று கண்டுபிடிக்கப்பட்டுள்ளது.,fake
நீங்கள் கடனாளியாக இருந்தால் அரசு மன்னிப்பு திட்டம் வந்துவிட்டது.,fake
நிலத்தடி நீர் வற்றிவிட்டது.,negative
நம்பிக்கை இழந்திருக்கிறேன்.,negative
கர்நாடக சங்கீதம் கேட்கும்போது மனம் அமைதி பெறுகிறது.,positive
ஆரஞ்சு தோல் கசக்கி முகத்தில் தேய்த்தால் புற்றுநோய் வராது.,fake
அரசு மருத்துவமனைகளில் புதிய கண்காணிப்பு அமைப்பு நிறுவப்பட்டது.,real
உடல் ஆரோக்கியம் பேணுவதில் மகிழ்ச்சி இருக்கிறது.,positive
புகழ்பெற்ற இயக்குனர் ஒரு குறிப்பிட்ட இயக்கத்திற்கு நிதி கொடுத்தார்.,fake
என் அன்றாட வாழ்க்கை மிகவும் சுமையாக உணர்கிறது.,negative
சென்னை வெள்ளம் தொடர்பு அமைச்சர் மதிப்பாய்வு செய்தார்.,real
எலுமிச்சை சாறு குடித்தால் எந்த கிருமியும் வராது.,fake
இந்த படத்தை பகிர்ந்தால் உங்கள் குடும்பத்தினர் ஆரோக்கியமாக இருப்பார்கள்.,fake
மாவட்ட அரசு பள்ளியில் மாணவர்கள் சர்வதேச போட்டியில் வென்றனர்.,real
பூமி உண்மையில் தட்டையானது என்பது மறைக்கப்பட்ட உண்மை.,fake
என் திட்டங்கள் எல்லாம் தோல்வியில் முடிந்தன.,negative
வண்டி வாடகை திடீரென உயர்த்தியுள்ளனர்.,negative
சர்வதேச வர்த்தக மாநாட்டில் தமிழக அரசு கலந்துகொண்டது.,real
என் வாழ்க்கை இருண்டு போகிறது.,negative
உழவர்களுக்கு கடன் தள்ளுபடி நாளைமுதல் நடைமுறைக்கு வருகிறது.,fake
ஒவ்வொரு தோல்வியும் ஒரு கற்றல்.,positive
"தம்பி என்னுடன் எப்போதும் நிற்கிறான், நன்றி தம்பி.",positive
மனசில் ஆறுதல் இல்லாத நாளாக கடந்தது.,negative
என் வலி என்றும் மறையாது.,negative
நல்ல மனம் இருந்தால் நல்லது நடக்கும்.,positive
இலவச வாடகை வீட்டிற்கு இந்த பதிவு செய்யுங்கள்.,fake
இன்று என் திட்டம் அங்கீகரிக்கப்பட்டது.,positive
இன்று மிகவும் நல்ல நாள்.,positive
இணைய இணைப்பு தினமும் துண்டிக்கிறது.,negative
அரசு சோலார் பம்பு திட்டம் விவசாயிகளுக்கு உதவிகிறது.,real
கடல் மாசுக்கு நடவடிக்கை எடுக்கும் புதிய சட்டம் நடைமுறைக்கு வந்தது.,real
வரலாற்று சின்னம் சீரமைக்கப்படுகிறது என்று தொல்பொருள் துறை அறிவித்தது.,real
தீபாவளி அன்று குடும்பத்துடன் கொண்டாடுவது மறக்கவே முடியாது.,positive
சாதிப் பாகுபாடு இன்னும் ஒழியவில்லை.,negative
இந்த உணவை தின்றால் 10 வருடம் ஆயுள் கூடும் என்று ஆராய்ச்சியில் தெரிய வந்தது.,fake
என் கனவு படிப்படியாக நனவாகிறது.,positive
மனம் எவ்வளவு கஷ்டப்பட்டாலும் யாரும் கவலைப்படுவதில்லை.,negative
உச்சநீதிமன்றம் சுற்றுச்சூழல் பாதுகாப்பு வழக்கில் முக்கியத் தீர்ப்பு வழங்கியது.,real
"காய்ச்சலுக்கு மருந்து வேண்டாம், நல்லெண்ணெய் தேய்த்தால் போதும்.",fake
நான் மட்டும் ஏன் இவ்வளவு கஷ்டப்படவேண்டும்?,negative
புயல் தாக்கிய பகுதிகளில் மீட்பு பணிகள் துவங்கியது.,real
நதி மாசு கட்டுப்பாட்டு நடவடிக்கை வலுப்படுத்தப்பட்டது.,real
ரத்த அழுத்தம் குணமாக வெறும் வயிற்றில் கோமியம் குடிக்க வேண்டும்.,fake
கிராமப்புற சாலை மேம்பாட்டு திட்டம் வரும் மூன்று மாதத்தில் முடிக்கப்படும்.,real
தமிழ்நாட்டில் கோடை வெப்பம் அதிகரித்துள்ளதாக வானிலை ஆய்வு மையம் தெரிவித்தது.,real
நீண்ட நாள் கனவான சொந்த வீடு வாங்கினேன்.,positive
புதிய ஆண்டில் மாணவர் உதவித்தொகை தொகை அதிகரிக்கப்பட்டது.,real
கர்நாடக சங்கீத கச்சேரி கேட்டு மனம் திருப்தி பெற்றது.,positive
விஷம் கொடுத்து குணப்படுத்தும் வழிபாடு.,fake
என் திறமை அங்கீகரிக்கப்பட்டது.,positive
"இந்த யந்திரம் பூஜிக்கப்பட்டது, வீட்டில் வாங்கிவையுங்கள்.",fake
தமிழ் சினிமா உலகளவில் பெருமை சேர்க்கிறது.,positive
"அரசு ஒவ்வொரு குடும்பத்திற்கும் ஒரு லட்சம் ரூபாய் கொடுக்கிறது, இப்போதே விண்ணப்பிக்கவும்.",fake
மழை நாளில் பஜ்ஜி சாப்பிடும் சந்தோஷம் வேறு எங்கும் கிடைக்காது.,positive
புதிய தொழில்நுட்ப வளாகம் நகர்ப்புற மாவட்டத்தில் உருவாகிறது.,real
என் திட்டம் வெற்றிகரமாக நிறைவேறியது.,positive
நிலவு தரையிறங்கல் நாஸாவின் பொய் என்று புதிய சான்றுகள் வந்துள்ளன.,fake
இந்த நிலைமை என்றும் மாற்றப்படாதா?,negative
தமிழகத்தில் தகவல் தொழில்நுட்ப மையங்கள் புதிய வேலை வாய்ப்புகளை தருகின்றன.,real
தமிழகத்தில் புதிய நீர்மின் திட்டம் அறிவிக்கப்பட்டது.,real
குழந்தைகளுக்கான ஊட்டச்சத்து திட்டம் மேம்படுத்தப்பட்டது.,real
பஞ்சாமிர்தம் சாப்பிட்டதும் மனம் மகிழ்ச்சியில் நிறைந்தது.,positive
என் ஆரோக்கியம் இப்போது மிகவும் நன்றாக இருக்கிறது.,positive
சமூக ஊடகங்களில் வெறுப்பு பரப்பல் அதிகரித்துள்ளது.,negative
சென்னை சூப்பர் கிங்ஸ் தற்போதைய ஐ.பி.எல். போட்டியில் முதலிடம் பெற்றது.,real
என் குழந்தை முதல் வார்த்தை பேசியது.,positive
அம்மா செய்த சாம்பார் சாப்பிட்டால் சோர்வு மறந்துவிடும்.,positive
என் வாழ்க்கை ஒரு கேள்விக்குறியாக இருக்கிறது.,negative
உதவி கேட்கவே வெட்கமாக இருக்கிறது.,negative
இயற்கையுடன் இணைந்திருப்பது உள்ளத்தை குளிர்விக்கும்.,positive
புதிய பாலம் கட்டுமான திட்டம் அரசாங்கத்தால் அறிவிக்கப்பட்டது.,real
ரத்த சர்க்கரை குறைய வெறும் வாழைப்பழம் மட்டும் சாப்பிடுங்கள்.,fake
உண்மையான நட்பு என்றும் நிலைக்கும்.,positive
மனசு சீரழிந்துவிட்டது.,negative
யாரும் உதவமாட்டார்கள் என்று தோன்றுகிறது.,negative
ஓய்வில் இருந்தே பணம் சம்பாதிக்கலாம்.,fake
இன்று ஒரு நல்ல செயல் செய்தோம்.,positive
இலங்கையில் இரகசியமாக அணு ஆயுதம் வைக்கப்பட்டுள்ளது.,fake
கண் சிகிச்சை மேற்கொள்ள இந்த மூலிகை மட்டும் போதும்.,fake
ஒவ்வொரு நாளும் ஒரு புதிய வாய்ப்பு.,positive
அக்காவின் ஆதரவு என்னை தைரியமாக வாழ வைக்கிறது.,positive
குடும்பத்துடன் சாப்பிட்ட சாப்பாடு என்றும் இனிமையாக இருக்கும்.,positive
ஆதரவற்ற முதியோர் யாரும் இல்லாமல் கஷ்டப்படுகிறார்கள்.,negative
"குழந்தையின் முதல் அடி பார்த்தோம், மனம் உவகையில் நிறைந்தது.",positive
"காஞ்சீபுரம் பட்டு வாங்கினோம், மிகவும் மகிழ்ச்சியாக இருக்கிறது.",positive
மலை சாலையில் பயணம் செய்வது ஒரு அதிசய அனுபவம்.,positive
என் நண்பன் என்னை ஏமாற்றிவிட்டான்.,negative
"அரசு தீவிர கண்காணிப்புக்கு உட்படுத்திவருகிறது, போன் கவனமாக பயன்படுத்துங்கள்.",fake
என் வாழ்க்கை இனி சிக்கலாகும் என்று பயமாக இருக்கிறது.,negative
என் ஊர் நல்ல விரைவு வளர்ச்சியில் இருக்கிறது.,positive
"சிக்கிம் மலைகளின் எழில் பார்த்தேன், மனம் நிறைந்தது.",positive
என் பெற்றோர் எனக்கு ஒரு வலுவான அடித்தளம் கொடுத்திருக்கிறார்கள்.,positive
வயதானவர்கள் புறக்கணிக்கப்படுகிறார்கள்.,negative
குளங்கள் ஆக்கிரமிக்கப்படுகின்றன.,negative
தான் தாழ்ந்தால் தலை உயரும் என்ற பழமொழி உண்மையே.,positive
அரசு ஆவணம் பெற மாதக்கணக்கில் காத்திருக்கிறேன்.,negative
தமிழ்நாடு அரசு மின்சாரம் இல்லாத கிராமங்களுக்கு சோலார் இணைப்பு அளிக்கிறது.,real
மாவட்ட சுகாதார இலாகா தடுப்பூசி விழிப்புணர்வு நடத்தியது.,real
யார் உதவுவார்?,negative
யாரிடம் புகார் சொல்வது?,negative
"ஒரு பயிற்சிக்காக ரூ.500 கட்டணம் செலுத்தினால் மாதம் ரூ.50,000 வரும்.",fake
சர்வதேச வர்த்தக உடன்படிக்கை புதிய சாத்தியங்களை திறக்கிறது.,real
அரசு திட்ட பலன் சரியான நபருக்கு கிடைக்கவில்லை.,negative
"வேலை போய்விட்டது, என்ன செய்வதென்று தெரியவில்லை.",negative
என் ஆதரவு இல்லாமல் தவிக்கிறேன்.,negative
தமிழக அரசு முதலீட்டாளர்களை ஈர்க்க புதிய கொள்கை அறிவித்தது.,real
வீட்டு சமையல் எப்போதும் ஹோட்டல் சாப்பாட்டை விட சுவையானது.,positive
தமிழ்நாடு சுற்றுச்சூழல் கொள்கை தொடர்பான புதிய அரசாணை வெளியிடப்பட்டது.,real
ஓட்டுனர் சரியாக நடத்தவில்லை.,negative
கிராமப்புற மாணவர்களுக்கு சிறப்பு உதவித்தொகை அறிவிக்கப்பட்டது.,real
தேசிய ஊட்டச்சத்து திட்டம் மாநிலத்தில் விரிவாக்கப்படுகிறது.,real
வேர்க்கடலை மிட்டாய் சாப்பிட்டால் சிறுவயது நினைவுகள் வரும்.,positive
மண்புழு உரம் திட்டம் கிராம பஞ்சாயத்தில் தொடங்கியது.,real
ஊரக வேலை உறுதி திட்டத்தில் கூடுதல் நிதி வழங்கப்படுகிறது.,real
கவசம் உடுத்தினால் துப்பாக்கி குண்டு பட்டாலும் ஒன்றுமில்லை.,fake
இயற்கை உணவுப் பண்ணைகளுக்கு மானியம் அளிக்கும் திட்டம் வந்தது.,real
வயிற்றுக்கு சோறு இல்லை.,negative
மிகவும் பிரபலமான பாடகர் மரணமடைந்தார் என்று பரவும் செய்தி பொய்.,fake
எத்தனை முயற்சி செய்தாலும் பலன் இல்லை.,negative
என் வாழ்க்கை ஒரு போராட்டமாகவே கடந்துவிட்டது.,negative
ஒலி மாசு தாங்கவில்லை.,negative
யாரும் நம்பிக்கை வார்த்தை சொல்வதில்லை.,negative
சட்டமன்ற குழு பள்ளி கட்டுமான மோசடியை விசாரிக்கிறது.,real
என் மனதில் கவலை மட்டுமே நிரம்பியிருக்கிறது.,negative
கஷ்டத்திற்கு முடிவு இல்லையா?,negative
மலேரியா ஒழிப்புத் திட்டம் தமிழகத்தில் பயனுள்ள முன்னேற்றம் கண்டது.,real
குழந்தைகளின் கலகலப்பு வீட்டை மகிழ்ச்சியாக வைக்கிறது.,positive
ஒரு பிரபல அரசியல்வாதி ரகசியமாக வெளிநாட்டில் சொத்து வைத்துள்ளதாக வரும் செய்தி போலி.,fake
தமிழகத்தில் நடைப்பாதை மேம்பாட்டு திட்டம் பல நகரங்களில் செயல்படுகிறது.,real
நாட்டிய நிகழ்ச்சி பார்த்து மனம் மகிழ்ந்தது.,positive
அரசுப் பள்ளிகளில் டிஜிட்டல் வகுப்பறை திட்டம் தொடங்கியது.,real
இந்த எண்ணிக்கையில் சுற்றி வந்த கோழி சாம்பலை தடவினால் தீர்வு கிடைக்கும்.,fake
சென்னை பங்குச்சந்தை புதிய உச்சத்தை எட்டியது.,real
தமிழக விளையாட்டு வீரர்களுக்கு ஆண்டு விருது வழங்கப்பட்டது.,real
தனிமை என்னை கொல்கிறது.,negative
தமிழக பொருளாதார வளர்ச்சி கடந்த ஆண்டை விட 7% அதிகரித்தது.,real
மனசை திரும்பவும் கட்டி எழுப்ப முடியவில்லை.,negative
அன்பான வீட்டிலிருந்து வரும்போது மனம் கனக்காது.,positive
சேவை மையத்தில் பணியாளர்கள் கவனமாக இல்லை.,negative
புகழ்பெற்ற சமூக ஆர்வலர் கைது செய்யப்பட்டார் என்பது அடிப்படையில்லாத செய்தி.,fake
யாரும் என்னை கேட்பதில்லை.,negative
குறுஞ்செயலி மூலம் விவசாயிகள் சந்தை விலை அறிய முடியும்.,real
என் திட்டங்கள் எல்லாம் வீணாகிவிட்டன.,negative
10 நாள் விரதம் இருந்தால் சர்க்கரை வியாதி குணமாகும்.,fake
வெளிநாட்டினர் தமிழகத்தின் நீரை சூறையாடுகின்றனர்.,fake
வீட்டின் வடக்கு பக்கம் படுத்தால் மட்டுமே ஆயுள் கூடும்.,fake
வெளிநாட்டு நிறுவனங்கள் தமிழகத்தை வாங்கி தீர்க்கின்றன.,fake
"கலை திருவிழாவில் கலந்துகொண்டோம், இனிய அனுபவம்.",positive
மதுரையில் தமிழ் இலக்கிய மாநாடு நடைபெற்றது.,real
"இன்று என் நண்பன் திருமணம் ஆனது, மகிழ்ச்சியாக இருக்கிறது.",positive
யாரும் என் மேல் அக்கறை காட்டுவதில்லை.,negative
அலுவலகத்தில் யாரும் மரியாதையாக நடத்துவதில்லை.,negative
இந்த தூக்கம் மாத்திரை குறிப்பிட்ட தொழிலில் உள்ளவர்களுக்கு மட்டும் கொடுக்கப்படும்.,fake
இந்த நோய் ஆய்வகத்தில் உருவாக்கப்பட்டது என்று சான்று கிடைத்தது.,fake
பொது போக்குவரத்து மேம்பாட்டிற்காக புதிய பேருந்துகள் ஆர்டர் செய்யப்பட்டன.,real
காலை வேளை சூரிய உதயம் பார்ப்பது ஒரு தனி அனுபவம்.,positive
நம்பியவர்கள் ஏமாற்றினர்.,negative
ஒவ்வொரு நாளும் ஒரு புது பிரச்சினை.,negative
என் வாழ்க்கை இனி மாறாதா?,negative
என்னால் இனி பொறுக்கவே கஷ்டமாக இருக்கிறது.,negative
மனம் கனக்கும்போது யாரும் அருகில் இல்லை.,negative
தமிழ்நாட்டில் ஆற்றல் சேமிப்பு திட்டம் புதிய முறையில் தொடங்கியது.,real
"என் மாமா ஆஸ்பத்திரியில் இருக்கிறார், மனம் அமைதியில்லை.",negative
எனக்கு மட்டும் ஏன் இப்படி நடக்கிறது?,negative
"இன்று தேர்வில் முதல் மதிப்பெண் பெற்றேன், மகிழ்ச்சியாக இருக்கிறது.",positive
வாட்ஸ்அப்பில் ஒரு குறிப்பிட்ட கோட் அனுப்பினால் உங்கள் கணக்கு ஹேக்கர்களிடம் போகும்.,fake
ஒரு ஆய்வில் இந்த உணவை சாப்பிட்டவர்கள் 100 ஆண்டு வாழ்ந்தனர்.,fake
மனசு தொய்ந்து போகிறது.,negative
பெண்கள் தனியாக வெளியே செல்வது பாதுகாப்பற்றதாக உணர்கிறார்கள்.,negative
என் குடும்பத்தினர் என்னை மிகவும் நேசிக்கிறார்கள்.,positive
மேல்முறையீட்டு நீதிமன்றம் தீர்ப்பு ரத்து செய்தது.,real
என் தனிமை என்னை சோகப்படுத்துகிறது.,negative
நவீன மருத்துவமனை மருந்துகள் அனைத்தும் போலி.,fake
"அன்பான நாய் இறந்தது, மனம் வலிக்கிறது.",negative
என்னால் யாரையும் நம்ப முடியவில்லை.,negative
புற்றுநோய் கட்டியை பழைய வைத்தியம் மட்டுமே குணப்படுத்தும்.,fake
இஞ்சி பூண்டு கலவை குடிப்பவர்களுக்கு கொரோனா வராது என்று ஆய்வு தெரிவிக்கிறது.,fake
நட்பு என்பது வாழ்க்கையின் மிகவும் மதிப்பான பரிசு.,positive
என் யோசனைகளை யாரும் கேட்பதில்லை.,negative
போதை மருந்து இளைஞர்களை அழிக்கிறது.,negative
உயர்நீதிமன்றம் நிலத்திணைப்பு விஷயத்தில் அரசிற்கு நோட்டீஸ் அனுப்பியது.,real
குறிப்பிட்ட கடவுள் படம் பார்த்தால் நோய் போகும் என்று பரவும் செய்தி.,fake
தமிழக முதலமைச்சர் வட மாவட்டங்களில் வளர்ச்சித் திட்டங்களை திறந்துவைத்தார்.,real
மனம் சோர்ந்து படுக்கிறேன்.,negative
தலித் மக்கள் இன்னும் பாகுபாட்டை எதிர்கொள்கிறார்கள்.,negative
அந்நியர்கள் கண்ணீர் சேகரித்து நமக்கு விஷம் கொடுக்கிறார்கள்.,fake
அரசு மருத்துவமனையில் புதிய கண் சிகிச்சை பிரிவு தொடங்கியது.,real
இனி எதுவும் மாறாது என்று தோன்றுகிறது.,negative
இன்று ஓட்டப்பயிற்சியில் புதிய சாதனை படைத்தேன்.,positive
ராகு கேது பெயர்ச்சி: உங்கள் ராசியில் ஆபத்து உள்ளது.,fake
விவசாயிகளுக்கு மூன்று ஏக்கர் இலவச நிலம் கொடுக்கும் திட்டம்.,fake
இந்த தாயத்தை வாங்கி அணிந்தால் கடன் தீரும்.,fake
யோகா செய்தால் பணம் வரும் என்ற பிரத்யேக ரகசியம்.,fake
என் வேலை உரிமைகள் மீறப்படுகின்றன.,negative
என் வேலை என்னை திருப்திப்படுத்துகிறது.,positive
விஞ்ஞானிகள் நிரூபித்தனர்: தியானம் செய்பவர்கள் மரணமடைவதில்லை.,fake
இந்திய விஞ்ஞானிகள் புதிய ஆற்றல் சேமிப்பு முறையை கண்டுபிடித்தனர்.,real
"எல்லோருக்கும் இலவச சமையல் எரிவாயு திட்டம் வந்துவிட்டது, விண்ணப்பிக்கவும்.",fake
இந்த யோகா பயிற்சி செய்தால் வயதே ஆகாது.,fake
யாரும் இல்லாத நேரத்தில் மனம் பயப்படுகிறது.,negative
"புதிய பயிற்சி பெற்றேன், திறன் மேம்பட்டது.",positive
ஓவர்டைம் செய்தாலும் சம்பளம் உயரவில்லை.,negative
என்ன செய்வதென்று தெரியவில்லை.,negative
சென்னையில் மழை நீர் வடிகால் புதுப்பிக்கப்படுகிறது.,real
தமிழகத்தில் சூரிய ஆற்றல் உற்பத்தி புதிய சாதனை படைத்தது.,real
தமிழ்நாட்டில் சட்டவிரோத மணல் அகழ்வு ஒழிக்க புதிய நடவடிக்கை.,real
இந்த புனிதமான தமிழ் மண்ணில் பிறந்தது பெருமையே.,positive
சர்க்கரை வியாதி தீர்க்கும் ரகசிய மருந்தை மருத்துவர்கள் மறைக்கிறார்கள்.,fake
"ஆங்கிலம் பேசக் கற்றுக்கொண்டேன், நம்பிக்கை அதிகரித்தது.",positive
தனிமையில் வலியோடு வாழ்கிறேன்.,negative
இன்று ஒரு அருமையான அனுபவம் பெற்றேன்.,positive
என் அடுத்த படி தெளிவாக தெரிகிறது.,positive
"கல்லூரி முடித்தேன், இப்போது புதிய பயணம் தொடங்குகிறது.",positive
தினமும் அழுது படுக்கிறேன்.,negative
என் வலி யாருக்கும் தெரிவதில்லை.,negative
நாளை சூரிய ஒளி கிரகணம்; ஆகா பழங்கள் சாப்பிட வேண்டாம்.,fake
கடலில் குளித்தபோது எல்லா கவலையும் போய்விட்டது.,positive
உங்கள் போன் ஹேக்கிங்கிலிருந்து காக்க இந்த கோடை அழுத்துங்கள்.,fake
காட்டு மூலிகை கஷாயம் குடித்தால் கொரோனா 24 மணி நேரத்தில் குணமாகும்.,fake
பூண்டு சாப்பிட்டால் மட்டுமே சர்க்கரை வியாதி தீரும்.,fake
குறிப்பிட்ட நேரத்தில் சூரியனை பார்த்தால் கண்பார்வை அதிகரிக்கும்.,fake
நேர்மையாக வாழ்வதே உண்மையான வாழ்க்கை.,positive
"அரசு ரகசியமாக மக்களை கண்காணிக்கிறது, இந்த பொருளை தூக்கி எறியுங்கள்.",fake
இந்த வழிபாடு செய்தால் கோடி ரூபாய் பெறலாம்.,fake
"ஏழைகளுக்கு நீதி கிடைப்பதில்லை, பணக்காரர்களுக்கு மட்டுமே உரிமைகள்.",negative
குழாய் நீர் கெட்டுப்போய் கிடைக்கிறது.,negative
"ஊரில் ஜல்லிக்கட்டு பார்க்கப் போனோம், மனம் குதூகலித்தது.",positive
பள்ளிக்கு ஆசிரியர் வருவதில்லை.,negative
இந்த நீரை வீட்டில் தெளித்தால் கோவிட் வராது.,fake
கடற்கரையில் நடப்பது என் மனதை புத்துணர்வூட்டுகிறது.,positive
நாட்டில் வேலையில்லாத் திண்டாட்டம் அதிகரிக்கிறது.,negative
கோயம்புத்தூரில் சர்வதேச தொழில் கண்காட்சி நடைபெற்றது.,real
"அரசு இலவச மொபைல் கொடுக்கும் திட்டம் தொடங்கியது, இந்த இணையதளத்தில் பதிவு செய்யுங்கள்.",fake
யாரும் என்னை புரிந்துகொள்ளவில்லை.,negative
சிட்ரோல் மணல் மட்டுமே ரத்தப்பிரசவத்தை குணப்படுத்தும்.,fake
நல்ல இசையே மனிதனின் நண்பன்.,positive
தமிழ்நாட்டில் ஒவ்வொரு ஆண்டும் மரம் நடும் திட்டம் விரிவாக்கப்படுகிறது.,real
அந்நிய நேரடி முதலீடு கடந்த காலாண்டில் உயர்ந்துள்ளது.,real
மது குடிப்பவர்களுக்கு கொரோனா வராது என்று நிரூபிக்கப்பட்டுள்ளது.,fake
ரோட்டுப் பயணம் மனதிற்கு புத்துணர்வு தரும்.,positive
நாட்டு கோழி குழம்பு சாப்பிட்டால் தலை தெளியும்.,positive
என் உழைப்பை அனைவரும் பாராட்டுகிறார்கள்.,positive
தமிழ்நாடு கால்பந்து அணி தேசிய சாம்பியன்ஷிப்பில் இடம் பெற்றது.,real
இரவில் ஏசி போட்டு தூங்கினால் மூளை சுருங்கும்.,fake
சைக்லோன் எச்சரிக்கை ரத்து செய்யப்பட்டது.,real
தோல்வி மீது தோல்வி என்னை சிதைக்கிறது.,negative
என் கடல் பயணம் ஒரு அற்புத கனவாக நிறைவேறியது.,positive
நேரம் கடந்தும் தீர்வு கிடைக்கவில்லை.,negative
நான் மட்டுமே ஏன் இவ்வளவு கஷ்டம் சந்திக்கிறேன்?,negative
மழை வராத ஊரில் மழை பெய்யும்படி இந்த வழிபாடு செய்யுங்கள்.,fake
"வீடு தொலைந்தது, குடும்பம் கஷ்டத்தில் இருக்கிறது.",negative
மதுரை மீனாட்சி அம்மன் கோயில் பார்க்க மனம் ஆவலில் துடிக்கிறது.,positive
காற்று மாசு அரசு செய்யும் சதி என்று போலி விஞ்ஞானிகள் கூறினர்.,fake
என்னுடைய கவலை குறையவில்லை.,negative
பொழுதை பயனுள்ளதாக செலவிட்டோம்.,positive
ஒரு ஆய்வில் தினமும் இந்த உணவை சாப்பிட்டவர்கள் மரணமடைவதில்லை.,fake
தடைகளை கடந்து வெற்றி அடைந்தேன்.,positive
என் வாழ்க்கை ஏன் இப்படி ஆனது?,negative
தமிழ் நடிகை திடீர் திருமணம் செய்தாள் என்று வரும் செய்தி போலி.,fake
என் தொழில் முயற்சி இன்று பலன் தரத் தொடங்கியது.,positive
பாதாள ஊழல் அம்பலம்: அரசு கோடிகோடியாய் சேமிக்கிறது.,fake
தொண்டு செய்வது மனதிற்கு ஆறுதல் தரும்.,positive
புதிய மொழி கற்றுக்கொள்வது மனதிற்கு சவாலும் மகிழ்ச்சியும் தரும்.,positive
கடலோர சாலை திட்டம் சுற்றுலாவிற்கு உதவும்.,real
கவலை விட்டுவிட்டால் மனம் எவ்வளவு இலகுவாக இருக்கும்.,positive
என்னை நல்ல வழியில் வழிநடத்தியவர்களுக்கு நன்றி.,positive
புதிய அரசு திட்டம் மூலம் ஆதரவற்ற குழந்தைகளுக்கு உதவி செய்யப்படும்.,real
குடும்ப நல மருத்துவமனை சேவை விரிவாக்கப்பட்டது.,real
"கல்யாணம் கலைந்தது, மனம் வேதனைப்படுகிறது.",negative
என் நலனை யாரும் கவலைப்படவில்லை.,negative
இந்த நீரை குடித்தால் நிச்சயம் நோய் குணமாகும் என்று குறிப்பிட்ட ஆஸ்ரமம் சொல்கிறது.,fake
என் வலி மேலும் மேலும் ஆழமாகிறது.,negative
என்னை நம்பி ஏமாறாதீர்கள் என்று சொன்னவரே ஏமாற்றிவிட்டார்.,negative
மனசு அமைதியாக இல்லை.,negative
ஓவியம் வரையும்போது மனதில் சந்தோஷம் நிறைகிறது.,positive
பயம் என்னை விடவில்லை.,negative
மாற்றுத் திறனாளிகளுக்கு போதிய வசதி இல்லை.,negative
ஒரு குறிப்பிட்ட நட்சத்திரப் பட்டையை கட்டிக்கொண்டால் நோய் வராது.,fake
கூட்டுறவு சங்கம் கடன் தர மறுக்கிறது.,negative
அம்மா செய்த பொங்கல் சாப்பிட்டால் வேறு ஒன்றும் வேண்டாம்.,positive
என் திருமண வாழ்க்கை மகிழ்ச்சியாக இருக்கிறது.,positive
கால்சியம் சாப்பிட்டால் உயரம் கூடும் என்பது ஆராய்ச்சியால் நிரூபிக்கப்பட்டது.,fake
தஞ்சாவூர் கோயிலைப் பார்த்தது என் இதயத்தை நிறைத்தது.,positive
தேங்காய் சட்னியுடன் தோசை சாப்பிட்டால் வேறொன்றும் வேண்டாம்.,positive
என் மனம் ஆற்றல் இழந்திருக்கிறது.,negative
இந்த தொழிலை தொடங்கினால் ஆறு மாதத்தில் லட்சங்கள் வரும்.,fake
தமிழ் புத்தாண்டு கொண்டாட்டம் எப்போதும் சிறப்பானது.,positive
ஊழல் இல்லாத நாடு ஒரு கனவாகவே இருக்கிறது.,negative
தமிழக அரசு தொழிலாளர்கள் உரிமைகளை பாதுகாக்கும் புதிய சட்டம் கொண்டுவந்தது.,real
ஆர்கோன் கதிர் தெரபி மட்டுமே புற்றுநோயை குணப்படுத்தும்.,fake
ஒரு கிராமத்தில் தேவதை வந்தாள் என்று ஆயிரம் பேர் சாட்சியிடுகிறார்கள்.,fake
பெட்ரோல் விலை நாளைமுதல் குறையும் என்று அரசு அறிவித்தது.,fake
இன்று என் வாழ்க்கை பயணம் ஒரு புதிய திசையில் தொடங்குகிறது.,positive
அரசு பொது ஏலத்தில் நிலம் விற்கப்பட்டது.,real
கொரோனா தடுப்பூசி மனிதர்களை கட்டுப்படுத்த வந்த சதி.,fake
ஆரஞ்சு சாறு பருக்குவோருக்கு குடல் புற்றுநோய் வாராது.,fake
ஆதரவற்றோருக்கு வீடு கட்டும் திட்டம் விரைந்து நடைமுறைப்படுகிறது.,real
நதிகள் மாசுபடுவதை யாரும் கவலைப்படவில்லை.,negative
குடும்ப அட்டை வைத்திருப்போருக்கு மாதம் ரூ.2000 நேரடி பரிமாறல்.,fake
இப்படி வாழ்க்கை அமைந்துவிட்டதா?,negative
கோர்ட் வழக்கு இன்று தீர்க்கப்பட்டது.,real
இந்த மண்ணை நாக்கால் தொட்டால் வியாதி குணமாகும்.,fake
அரசு தலைவர்கள் அனைவரும் விஷமயமான நீரை குடிக்கின்றனர்.,fake
தொழிலில் பெரும் நஷ்டம் ஏற்பட்டது.,negative
"என் நெருங்கிய உறவினர் மறைந்தார், மனம் பிளவுபடுகிறது.",negative
கிரிக்கெட் உலகக்கோப்பை நிறைவு ஆட்டம் வரும் மாதம் நடைபெறும்.,real
"வங்கிக் கணக்கில் நேரடியாக ரூ.10,000 போடுவார்கள், கட்டணமே இல்லை.",fake
என் குழு சிறந்த திட்டத்திற்கான பரிசு வென்றது.,positive
என் கஷ்டம் யாருக்கும் புரியவில்லை.,negative
ஆசிரியர் பயிற்சி திட்டம் மாநில அளவில் தொடங்கப்பட்டது.,real
ஒலிம்பிக்கில் தமிழ் வீரர் பதக்கம் வென்றார்.,positive
காட்டு மலர்களின் வாசனை மனதை வசீகரிக்கிறது.,positive
பள்ளி விளையாட்டு திருவிழாவில் 2000 மாணவர்கள் கலந்துகொண்டனர்.,real
மாநில அரசு பட்ஜெட்டில் கல்விக்கு 15% ஒதுக்கீடு அறிவிக்கப்பட்டது.,real
என் பள்ளிக்கூட நண்பர்கள் என்னை சந்தித்தனர்.,positive
மனம் முறிந்தால் யாரை நம்புவது?,negative
இன்று அலுவலகத்தில் ஒரு சிறந்த திட்டத்தை முடித்தேன்.,positive
மாவட்ட சுகாதாரத் துறை பரிசோதனை முகாம் நடத்தியது.,real
குறிப்பிட்ட மரத்தை தொட்டால் வாழ்க்கையில் வெற்றி கிட்டும்.,fake
ஒரு பிரபல தொகுப்பாளர் ஊடக நிறுவனத்தை விட்டு செல்கிறார் என்ற செய்தி போலி.,fake
ஜோதிடர் கணிப்பு: மூன்று மாதத்தில் நாட்டில் பேரிடர் வரும்.,fake
நீதிமன்றம் பொதுமக்கள் நலன் காக்கும் வகையில் உத்தரவு பிறப்பித்தது.,real
பசுமையான மலைகளைப் பார்க்கும்போது மனம் அமைதி அடைகிறது.,positive
நான் படித்த பாடம் இன்று பயனளிக்கிறது.,positive
நண்பர்களுடன் கழித்த நேரம் என் வாழ்க்கையின் சிறந்த தருணங்கள்.,positive
குளிர்காலத்தில் சூடான காபி குடிப்பதில் தனி மகிழ்ச்சி இருக்கும்.,positive
சோர்வு என்னை கடக்கவே முடியவில்லை.,negative
வேளாண் துறையில் இந்த ஆண்டு உற்பத்தி அதிகரித்தது.,real
அக்கல் இருக்கும் இடத்தில் அன்பும் இருக்கும்.,positive
உண்மையான முயற்சி எப்போதும் வெற்றி தரும்.,positive
இந்த ஆன்லைன் சேவையில் பதிவு செய்தால் மாதம் லட்சம் கிடைக்கும்.,fake
சமூகத்தில் ஏற்றத்தாழ்வு அதிகரித்துக்கொண்டே போகிறது.,negative
கோடை கால மாம்பழம் சாப்பிட்ட சந்தோஷம் வேறு எங்கும் கிடைக்காது.,positive
வங்கி ஆட்டோமேஷன் மூலம் என் பணம் தவறாக கழிக்கப்பட்டது.,negative
என் நாட்டு மண்ணின் மணம் என்னை கட்டுப்படுத்துகிறது.,positive
நடிகர் திருமண விலக்கு பெற்றார் என்று வரும் செய்தி முற்றிலும் போலி.,fake
நல்ல நாளுக்கு நன்றி.,positive
வறட்சி பாதித்த மாவட்டங்களுக்கு அரசு நிவாரண நிதி அனுப்பியது.,real
அரசு பள்ளிகளில் கணினி ஆய்வக திட்டம் விரிவாக்கப்பட்டது.,real
மத்திய பட்ஜெட்டில் தமிழ்நாட்டிற்கு கூடுதல் நிதி ஒதுக்கீடு செய்யப்பட்டது.,real
சொந்தக்காரர்கள் அன்னியர்களாகிவிட்டனர்.,negative
இந்த வலி யாருக்கு தெரியும்?,negative
அலுவலகத்தில் உள்ள அரசியல் வேலையை பாதிக்கிறது.,negative
தமிழகத்தில் நீர் சிக்கனம் விழிப்புணர்வு திட்டம் நடைபெற்றது.,real
டிஜிட்டல் ரூபாய் வந்தால் எல்லாரும் கஷ்டப்படுவார்கள் என்பது உண்மை.,fake
ரயில் தாமதமாக வருவதால் அலுவலக நேரம் தவறுகிறது.,negative
"மூன்று நாள் இந்த பொருளை நெற்றியில் வையுங்கள், கடன் தீரும்.",fake
"ஊட்டி சென்றோம், குளிரும் பசுமையும் மனதை மகிழ்வித்தது.",positive
மருத்துவமனையில் சுத்தமில்லாத சூழல் இருக்கிறது.,negative
இந்த நல்ல தருணத்தை என்றும் மறக்கமாட்டேன்.,positive
தொழிலாளர்களுக்கு சரியான கூலி இல்லை.,negative
என் குழந்தைகள் நல்ல மனிதர்களாக வளருகிறார்கள்.,positive
தினமும் ஒரு கஷ்டம் வந்துகொண்டே இருக்கிறது.,negative
என் கனவு நொறுங்கிவிட்டது.,negative
சாலை விபத்துகள் குறைய வழியில்லையா?,negative
இந்த எண்ணை வாங்கி தேய்த்தால் முடி தினம் வளரும்.,fake
அனாதைகள் தெரு வாழ்வு வாழ்வது கொடுமை.,negative
மைக்ரோவேவ் உணவு சாப்பிட்டால் புற்றுநோய் வரும் என்று சித்தர்கள் சொன்னார்கள்.,fake
இந்திய மல்யுத்த வீரர் உலக சாம்பியன்ஷிப்பில் வெள்ளி வென்றார்.,real
சாலை வெளிச்சம் வராமல் இரவில் மிகவும் கஷ்டமாக இருக்கிறது.,negative
டெங்கு காய்ச்சல் குணமாக பப்பாளி இலை சாறு மட்டுமே போதும்.,fake
ஒரு நல்ல வாழ்க்கை வாழ்வதற்கு உழைக்கிறேன்.,positive
வானிலை ஆய்வு மையம் வரும் 48 மணி நேரத்தில் மழை வாய்ப்பு அறிவித்தது.,real
கம்ப்யூட்டர் முன் உட்கார்ந்தால் கதிர்வீச்சால் கண்கள் அழியும்.,fake
யூஃப்ஓ பார்த்தவர்கள் குழு: அரசு மறைத்துவரும் நிஜத்தை வெளியிடுகிறோம்.,fake
பிளாஸ்டிக் ஒழிப்பு இயக்கம் தமிழகம் முழுவதும் விரிவாகியது.,real
வாழ்க்கை ஒவ்வொரு நாளும் புதிய சுவாரஸ்யங்களை தருகிறது.,positive
வாழ்க்கை தரும் சின்ன சிரிப்புகளில் பெரிய மகிழ்ச்சி இருக்கிறது.,positive
என் வாழ்க்கை பயணம் தடைபட்டுவிட்டது.,negative
மாவட்ட மருத்துவமனை சிறப்பு மருத்துவர்கள் அமர்த்தப்படுகிறார்கள்.,real
சிறிய மகிழ்ச்சிகளில் உண்மையான வாழ்க்கை இருக்கிறது.,positive
"ஆறு முழுவதும் மாசுபடுகிறது, அரசு கண்டுகொள்வதில்லை.",negative
அரசு அலுவலகர்களிடம் அலைந்து திரிந்தும் வேலை ஆகவில்லை.,negative
கன்னியாகுமரியில் சூரிய உதயம் பார்த்தது ஒரு அற்புத அனுபவம்.,positive
வீட்டு வன்முறையால் பெண்கள் அவதிப்படுகிறார்கள்.,negative
என் வாழ்க்கை நல்ல திசையில் சென்று கொண்டிருக்கிறது.,positive
தமிழ்நாட்டு பல்கலைக்கழகம் புதிய ஆராய்ச்சி மையம் தொடங்கியது.,real
சித்தர்கள் கண்டுபிடித்த ரகசிய கஷாயம் எல்லாவற்றையும் குணமாக்கும்.,fake
யாரும் என்னை மதிப்பதில்லை.,negative
என் முன்னோர்கள் கட்டிய வீடு அழிந்தது.,negative
காற்றுமாசு அதிகரித்து மக்கள் சுவாசிக்க முடியவில்லை.,negative
இந்த சமூகம் என்னை விலக்கியது.,negative
சர்வதேச விமான சேவை புதிய இடங்களுக்கு விரிவாக்கப்படுகிறது.,real
அம்மாவின் அன்பு உலகிலேயே மிகவும் தூய்மையானது.,positive
ஒரே நாளில் இரட்டிப்பு பணம் தரும் திட்டம்.,fake
என் வாழ்க்கை இனி இன்னும் சிறப்பாக இருக்கும்.,positive
விவசாயிகளின் கடன் சுமை குறையவில்லை.,negative
"என்னை நேசிப்பவர்கள் அருகில் இருக்கிறார்கள், பாதுகாப்பாக உணர்கிறேன்.",positive
வேலையில் அவமானப்படுத்தப்பட்டேன்.,negative
அனைவரும் என்னை தவிர்க்கிறார்கள்.,negative
5ஜி கோபுரங்கள் மூளையை பாதிக்கும் கதிர்வீச்சை வெளிப்படுத்துகின்றன.,fake
தமிழ்நாட்டில் கனிம ஆய்வுப் பணி தொடங்கியது.,real
கருமேகம் பார்த்தால் மூளை ஆற்றல் குறையும்.,fake
நண்பன் தொலைவிலிருந்தாலும் உள்ளத்தில் அருகில் இருக்கிறான்.,positive
விமான நிலையம் விரிவாக்கம் திட்டம் ஒப்புதல் பெற்றது.,real
எல்லாமே தலைகீழாக திரும்பிவிட்டது.,negative
இந்த 5 ராசியினருக்கு இந்த வாரம் பணம் தொலையும்.,fake
இந்த வருடம் தென்மேற்கு பருவமழை சராசரியை விட அதிகமாக பெய்தது.,real
வங்கி கார்டு எண்ணை பகிர்ந்தால் உங்களுக்கு நல்ல பரிசு வரும்.,fake
வட மாவட்டங்களில் புதிய தொழில் வளர்ச்சி திட்டம் அறிவிக்கப்பட்டது.,real
"நீதிமன்றத்தில் நீண்ட காலம் வழக்கு நடக்கிறது, நீதி தாமதமாகிறது.",negative
ஊர் மருத்துவம் தான் உண்மையான மருத்துவம்.,fake
கோர்ட் ஆர்டரால் அனைவருக்கும் இலவச நிலம் கிடைக்கும்.,fake
கவலை என்னை விடவில்லை.,negative
முதலமைச்சர் திட்டம்: வீட்டிற்கு ஒரு சதவீதம் வட்டியில் கடன்.,fake
என் ஊர் வளர்ச்சியில் மகிழ்ச்சியடைகிறேன்.,positive
மாவட்ட கலெக்டர் நேரில் சென்று வெள்ளம் பாதித்த பகுதிகளை ஆய்வு செய்தார்.,real
"ஒரு மாதத்தில் ஒரு லட்சம் சம்பாதிக்கலாம், இதை பாருங்கள்.",fake
மூளையை அதிகமாக பயன்படுத்துவதால் பார்வை கோளாறு வரும்.,fake
வாழ்க்கையில் ஒரு ஆதரவும் இல்லை.,negative
கடற்கரை சுத்தம் செய்யும் தன்னார்வ திட்டம் வெற்றிகரமாக நடந்தது.,real
இன்று மிகவும் மகிழ்ச்சியாக இருக்கிறேன்.,positive
மின்சார கட்டணம் கட்டிய பிறகும் திடீரென்று துண்டிக்கிறார்கள்.,negative
மக்கள் பேருந்து பள்ளி நேரத்தில் வருவதில்லை.,negative
என் இலக்கை அடைவேன் என்ற நம்பிக்கை உள்ளது.,positive
அரசு தொழில்நுட்பக் கல்லூரியில் புதிய பட்டயப்படிப்பு தொடங்கியது.,real
தன்னலமில்லா சேவை செய்வதில் உண்மையான இன்பம் இருக்கிறது.,positive
இந்த மணலை வாங்கி வீட்டில் கொட்டினால் செல்வம் பெருகும்.,fake
குழந்தைகளுடன் விளையாடுவது வாழ்க்கையின் ஆனந்தம்.,positive
கோயில் பிரசாதம் சாப்பிட்டால் மனசு நிம்மதி பெறும்.,positive
"நம் நாட்டு விவசாயிகள் கடினமாக உழைக்கிறார்கள், வணக்கம்.",positive
சட்டப்பிரிவின்படி தண்டனை வழங்கப்பட்டது.,real
இந்த தண்ணீரை தினமும் குடித்தால் 100 வருடம் வாழலாம்.,fake
"கல்யாண சாப்பாடு சாப்பிட்டோம், மனம் நிறைந்தது.",positive
ஊழல் இல்லாத அரசு எங்கே இருக்கிறது?,negative
வாழ்க்கை தரும் சவால்களை மகிழ்ச்சியுடன் எதிர்கொள்கிறேன்.,positive
காதல் இருக்கும் இடத்தில் கஷ்டம் வெல்லும்.,positive
புதிய வேளாண் சட்ட திருத்தம் விவசாயிகளுக்கு நலனளிக்கும்.,real
தமிழகத்தில் ஆரோக்கியமான உணவு விழிப்புணர்வு வாரம் கொண்டாடப்பட்டது.,real
கடன் சுமை என்னை நொருக்குகிறது.,negative
பழைய நட்பர்களுடன் பயணம் சென்றது இனிய நினைவு.,positive
ஒரு குழந்தை பிறந்த நாளில் சந்திரன் இயங்கினால் நரம்பு பாதிக்கும்.,fake
இன்று இரவு தூக்கத்தில் யாரோ உங்களை நெருங்குவார்கள் என்று ஜோதிடர் சொன்னார்.,fake
வருமான ஏற்றத்தாழ்வு சமூகத்தை பிளவுபடுத்துகிறது.,negative
என் பிள்ளை நல்ல பழக்கங்களை கற்றுக்கொண்டது.,positive
மாவட்ட அளவில் முதியோர் ஆரோக்கிய பரிசோதனை முகாம் நடைபெற்றது.,real
தனிமையில் நான் மட்டுமே வலிக்கிறேன்.,negative
என்னால் இனி முன்னேற முடியுமா?,negative
பழமையான தமிழ் மரபுகளை பின்பற்றுவதில் மகிழ்ச்சி இருக்கிறது.,positive
இந்த செய்தியை 10 பேருக்கு அனுப்பாவிட்டால் ஏதோ ஒரு தீங்கு நடக்கும்.,fake
கிரக நிலை மோசம்; நாளை விமான விபத்து நடக்கும்.,fake
குறிப்பிட்ட வண்ண ஒளி உடலை குணப்படுத்தும் என்று கண்டுபிடிக்கப்பட்டது.,fake
காலை உடற்பயிற்சி செய்ய தொடங்கியதிலிருந்து உடலும் மனமும் புத்துணர்வாக இருக்கிறது.,positive
என் வாழ்க்கை மலரட்டும்.,positive
இந்திய கிரிக்கெட் அணி தொடரில் 3-1 என வெற்றி பெற்றது.,real
ஒவ்வொரு நாளும் ஒரு போராட்டமாக உணர்கிறேன்.,negative
மீனவர்களுக்கு புதிய கடல் ஜிபிஎஸ் கருவிகள் வழங்கப்பட்டன.,real
அரசியல் ஊழல் மக்களின் வாழ்க்கையை சிதைக்கிறது.,negative
இரவு நேரத்தில் குறிப்பிட்ட சாலையில் ஓட்டாதீர்கள்.,fake
திடீரென்று வாழ்க்கையில் ஒரு துயரம் தாக்கியது.,negative
"வீட்டில் புதிய பொருள் வாங்கினோம், மனம் மகிழ்கிறது.",positive
என் கடின உழைப்பு இறுதியில் பலனளித்தது.,positive
உங்கள் ஜாதகப்படி இந்த தினம் சாதகமற்றது.,fake
நூற்றுக்கணக்கான கிராமங்களில் இணைய வசதி மேம்படுத்தப்பட்டது.,real
நல்ல நடத்தை விருது பெற்ற மாவட்ட காவல்துறை அதிகாரி பாராட்டப்பட்டார்.,real
தமிழகத்தில் மின்சார வாகன கட்டமைப்பு விரிவாக்கப்படுகிறது.,real
வேப்பிலை சாறு குடித்தால் புற்றுநோய் குணமாகும்.,fake
மாசுபட்ட குளங்கள் சுத்தம் செய்யும் திட்டம் துவங்கியது.,real
"வங்கி தேர்வில் தேர்ச்சி பெற்றேன், மகிழ்ச்சியில் மிதக்கிறேன்.",positive
வெள்ளை சர்க்கரை விஷம்; நேரடியாக மரணத்தை தரும்.,fake
நடுவண் அரசு அனைவருக்கும் இலவச மொபைல் தரும்.,fake
"புதிய அரசு திட்டத்தால் 50,000 வேலை வாய்ப்பு உருவாகும்.",real
நம்பிக்கையுடன் முன்னேறுவோம்.,positive
யாரிடமாவது சொல்ல ஆளில்லை.,negative
இந்திய விண்வெளி ஆராய்ச்சி அமைப்பு புதிய செயற்கைக்கோள் ஏவியது.,real
செவ்வாய் தோஷம் உள்ளவர்கள் திருமணம் செய்தால் விபரீதம்.,fake
வெப்பம் அதிகரித்துக்கொண்டே போகிறது.,negative
பறவைகளின் பாடல் கேட்டு காலையில் விழிக்கும்போது மகிழ்ச்சியாக இருக்கும்.,positive
தமிழக மாணவர்கள் சர்வதேச அளவில் தொழில்நுட்ப போட்டியில் வென்றனர்.,real
செயற்கை மழை ஒரு அரசியல் கருவி.,fake
சென்னையில் ஆண்டு நூல் கண்காட்சி தொடங்கியது.,real
இந்த குறிப்பிட்ட கல்லை கழுத்தில் அணிந்தால் நோய் வராது.,fake
சர்வதேச சுற்றுலாவர்கள் தமிழ்நாட்டிற்கு அதிகமாக வருகை தருகின்றனர்.,real
விவசாயிகளின் கஷ்டம் யாரும் கவனிக்கவில்லை.,negative
தாத்தா கதை சொல்லும்போது உலகே மறந்துவிடும்.,positive
இன்று பார்த்த படம் மனதை தொட்டது.,positive
என் வாழ்க்கையில் நல்ல மாற்றங்கள் நடைபெறுகின்றன.,positive
சரியான நேரத்தில் சரியான முடிவு எடுத்தேன்.,positive
"இன்று நல்ல செய்தி கேட்டேன், மனம் மலர்ந்தது.",positive
தமிழகத்தில் தட்டம்மை தடுப்பூசி கட்டாயமாக்கப்பட்டது.,real
மாதவிடாய் சுகாதார விழிப்புணர்வு கிராமங்களில் நடத்தப்பட்டது.,real
என் வேலை இடம் மிகவும் நட்பான சூழலில் இருக்கிறது.,positive
மாநில சுகாதார இயக்குனர் தலைமையில் கொரோனா தடுப்பு மருந்து திட்டம் மதிப்பாய்வு நடந்தது.,real
மருத்துவ ஆராய்ச்சியில் புதிய மருந்து கண்டுபிடிக்கப்பட்டது.,real
நம் பள்ளி கால்பந்து போட்டியில் வென்றது.,positive
மாணவர்களுக்கு இலவச புத்தகம் மற்றும் சீருடை வழங்கப்பட்டது.,real
இன்று ஒரு நல்ல தொடர்பு கிடைத்தது.,positive
இந்த முதலீட்டில் 3 மாதத்தில் 300% திரும்பும்.,fake
தனியாக வலியை சுமந்து திரிகிறேன்.,negative
"ஒரு இனிய பயணம் முடித்தேன், நினைவுகள் என்றும் நிலைக்கும்.",positive
என் கட்டினமான நிலை மாறவே மாட்டேன்றிருக்கிறது.,negative
என் கட்டுரை தேசிய அளவில் பாராட்டு பெற்றது.,positive
பழைய நண்பர்களை சந்தித்தபோது மனம் மகிழ்ச்சியால் நிறைந்தது.,positive
இன்று ஒரு புது திறன் கற்றுக்கொண்டேன்.,positive
வங்கக் கடலில் குறைந்த காற்றழுத்த தாழ்வு உருவாகியுள்ளது.,real
நாட்டு மக்கள்தொகை கணக்கெடுப்பு பணி தொடங்கியது.,real
இன்று காலை நேரம் மிகவும் இனிமையாக இருந்தது.,positive
யாரிடமும் மனம் விட்டு பேச முடியவில்லை.,negative
இந்த கட்டினமான நாளை கடக்கவே கஷ்டமாக இருக்கிறது.,negative
"என் சுற்றுப்புறம் சுத்தமாக இருக்கிறது, மனம் மகிழ்கிறது.",positive
குறிப்பிட்ட உணவை சாப்பிட்டால் புத்தி கூர்மையாகும் என்று போலி ஆய்வு.,fake
குழந்தைகள் தொழிலாளராக பயன்படுத்தப்படுவது மிகவும் கொடுமை.,negative
என் உள்ளம் அமைதியும் மகிழ்ச்சியும் நிறைந்திருக்கிறது.,positive
என் பகுதியில் நீர் வசதி மேம்பட்டது.,positive
"புது நண்பர்கள் கிடைத்தனர், மனம் மகிழ்கிறது.",positive
"வேலை கிடைத்தது, என் கனவு நனவாகிறது.",positive
மேகங்கள் வண்ணமயமாக இருக்கும்போது வானம் கலை வேலையாக மாறும்.,positive
பால் உற்பத்தியாளர்களுக்கு ஆதரவு விலை உயர்த்தப்பட்டது.,real
ஒலிம்பிக் தகுதி போட்டியில் இந்தியா அனைத்து நிலைகளிலும் தகுதி பெற்றது.,real
என் வாழ்க்கை ஒரு சுமையாக மாறிவிட்டது.,negative
நான் செய்த தவறை திருத்திக்கொள்ள முடியாமல் போனது.,negative
"சொல்ல வார்த்தைகள் இல்லை, மனம் நொறுங்கிவிட்டது.",negative
வெளிநாட்டுப் பயணம் கலாசாரத்தை புரிந்துகொள்ள உதவுகிறது.,positive
பாட்டி கைவண்ணம் யாராலும் மறக்க முடியாதது.,positive
தஞ்சாவூர் மாவட்டத்தில் புதிய நீர்ப்பாசன வாய்க்கால் கட்டப்படுகிறது.,real
இந்திய படை வீரர்களுக்கு புதிய வசதிகள் ஏற்பாடு செய்யப்பட்டன.,real
பல்லியின் அலறல் கேட்டால் மரணம் நடக்கும்.,fake
கிரிக்கெட் விளையாட்டில் நம் குழு வென்றது.,positive
குடும்பத்தினர் உதவ மறுக்கிறார்கள்.,negative
தேசிய கோல்ஃப் போட்டியில் தமிழ்நாட்டு வீரர் மூன்றாமிடம் பெற்றார்.,real
சுவாசிக்கும் ஆக்ஸிஜன் அதிகமாகும்படி வன்னிலம் தேய்த்தால் நல்லது.,fake
மாவட்ட கலெக்டர் வழி நடவடிக்கை தொடர்பான கூட்டம் நடைபெற்றது.,real
என் கனவு வேலை போய்விட்டது.,negative
ஓகோபர் மாதத்தில் வட தமிழகத்தில் அதிக மழை பெய்யும் என்று கணிக்கப்பட்டது.,real
நல்ல புத்தகம் படிப்பது மனதை ஒளிரச் செய்கிறது.,positive
"இந்த தாயத்து வாங்கி வீட்டில் வையுங்கள், கோடி வரும்.",fake
என் குடும்பம் கடுமையான நெருக்கடியில் இருக்கிறது.,negative
தடுப்பூசியில் மைக்ரோசிப் உள்ளது என்று தொழில்நுட்ப நிபுணர் நிரூபித்தார்.,fake
மாவட்ட ஆட்சியர் நேரில் ஆய்வு மேற்கொண்டு புகார்களை கவனித்தார்.,real
"இன்று மழை வந்தது, விவசாயிகளுக்கு நல்லது.",positive
நீதிமன்ற கேள்வித்தாள் கசிவு வழக்கில் குற்றவாளிகள் கைது செய்யப்பட்டனர்.,real
விலங்கினர் பாதுகாப்பு சட்டம் நீதிமன்றத்தால் உறுதி செய்யப்பட்டது.,real
என்னை யாரும் அன்புடன் நேசிக்கிறார்கள்.,positive
கிரிப்டோ முதலீட்டில் 1000% லாபம் கட்டாயம்.,fake
பணம் இல்லாமல் மருத்துவம் கிடைக்கவில்லை.,negative
என் குடும்பத்தினர் அனைவரும் ஆரோக்கியமாக இருக்கிறார்கள்.,positive
அரசு கண்காணிப்பு கேமரா மூலம் அனைவரின் பேசும் ஒலியை கேட்கின்றனர்.,fake
பொது கழிப்பறைகள் சரிப்படியான பராமரிப்பில்லாமல் உள்ளன.,negative
மருந்து நிறுவனங்கள் வியாதிகளை நீட்டித்துக்கொள்கின்றன.,fake
குடிநீர் பிரச்சினை கிராமங்களில் தீர்வதில்லை.,negative
ஒரு குறிப்பிட்ட தேதியில் சூரியன் வழக்கத்திற்கு மாறாக உதிக்கும்.,fake
யாரும் என் வலியை பகிர்ந்துகொள்வதில்லை.,negative
யோகா பயிற்சி என் உடல் ஆரோக்கியத்தை மேம்படுத்தியது.,positive
என் குடும்பத்தினர் அனைவரும் மகிழ்ச்சியாக இருக்கிறார்கள்.,positive
பூக்கள் பூக்கும் பூங்காவில் நடப்பது மனதிற்கு இன்பம் தரும்.,positive
இந்த பழம் சாப்பிட்டால் 3 நாளில் மரணம் நிகழலாம் என்று ஆய்வாளர்கள் கூறியுள்ளனர்.,fake
நகர்ப்புறத்தில் பசுமை வீடுகள் கட்டும் திட்டம் அறிவிக்கப்பட்டது.,real
என் மகிழ்ச்சிக்கு எல்லையே இல்லை.,positive
"என் குடும்பம் என் பலம், என் தைரியம்.",positive
வரலாற்று நிகழ்வு ஒன்று வேண்டுமென்றே இரகசியமாக வைக்கப்படுகிறது.,fake
என் மனைவியின் ஊக்கமளிக்கும் வார்த்தைகள் எனக்கு சக்தி தருகின்றன.,positive
என் வாழ்க்கை இன்னும் மோசமாகிவிடுமா?,negative
பால் குடிப்பவர்களுக்கு குறிப்பிட்ட வியாதி வராது என்று ஆராய்ச்சி.,fake
பங்குகளில் நல்ல ஆதாயம் வேண்டுமா? இந்த தனியார் குழுவில் சேருங்கள்.,fake
பிரபல தலைவர் அரசியலை விட்டு விலகுகிறார் என்று வரும் தகவல் தவறு.,fake
வாடிக்கையாளர் என் பணியை பாராட்டினார்.,positive
தமிழ்நாட்டில் சோலார் ஆற்றல் திட்டம் நிறுவப்படுகிறது.,real
மகிழ்ச்சியாக இருப்பது நம் கைகளில் இருக்கிறது.,positive
நீர்நிலைகளில் நீர்மட்டம் ஏறியுள்ளதாக நீர்வளத் துறை அறிவித்தது.,real
நல்ல எதிர்கால நம்பிக்கை என்னை மகிழ்ச்சியாக வைத்திருக்கிறது.,positive
கிராம பஞ்சாயத்து தேர்தல் முடிவுகள் அறிவிக்கப்பட்டன.,real
என்னுடைய கஷ்டங்கள் தீரும் நாள் வருமா?,negative
மத்திய திட்டம்: அனைத்து மாணவர்களுக்கும் நேரடி பணம் கொடுக்கப்படும்.,fake
"இன்று ஒரு முதியவருக்கு உதவி செய்தேன், மனம் நிறைந்தது.",positive
ஒரு குறிப்பிட்ட நட்சத்திரத்தில் பிறந்தவர்கள் வெளியே போகாதீர்கள்.,fake
ஜி.எஸ்.டி. வசூல் கடந்த ஆண்டை விட அதிகமாக இருக்கிறது.,real
நல்லவர்களுடன் நேரம் செலவிடுவது வாழ்க்கையை வளமாக்கும்.,positive
5ஜி கோபுரங்கள் புற்றுநோயை ஏற்படுத்தும் என்று விஞ்ஞானிகள் உறுதிப்படுத்தினர்.,fake
ஒரு குறிப்பிட்ட ஊரில் குழந்தைகள் தன்னிடையே பேசுவதை யாரோ கண்காணிக்கிறார்கள்.,fake
என் வாழ்க்கை வழிமொழி தொலைந்துவிட்டது.,negative
இட்லி சாம்பாரை விட சிறந்த காலை உணவு இல்லை.,positive
"சனி திசை தொடங்கியது, இந்த மாதம் எச்சரிக்கையாக இருங்கள்.",fake
வேலை இல்லாத இளைஞர்கள் மனம் கனக்கிறது.,negative
நாடக கலாசாரம் தமிழரின் பெருமை.,positive
நல்ல உறவுகள் வாழ்க்கையை அழகுபடுத்தும்.,positive
என் கல்வி என்னை சிறந்த மனிதனாக உருவாக்கியது.,positive
ஆராய்ச்சி பணி மனதிற்கு ஆறுதல் தருகிறது.,positive
இந்த தொழிலாளி இரவில் உழைத்தால் 10 மடங்கு வருமானம்.,fake
அரசு வீட்டுவசதி திட்டத்தில் ஒரு லட்சம் குடும்பங்கள் பயன் பெற்றனர்.,real
மாவட்ட கிரிக்கெட் போட்டியில் உள்ளூர் கல்லூரி குழு வென்றது.,real
புற்றுநோய் விழிப்புணர்வு முகாம் நகர்ப்புறங்களில் நடைபெற்றது.,real
ஆரோக்கியமான வாழ்க்கை வாழ்வதில் மகிழ்ச்சி இருக்கிறது.,positive
என் அண்ணன் என்னுக்காக எந்த தியாகமும் செய்வான்.,positive
கடலோரத்தில் மீன் வறுவல் சாப்பிட்டது இனிய அனுபவம்.,positive
தமிழ் கலை பண்பாட்டை காக்க வேண்டும்.,positive
என் வாழ்க்கை பாதை மூடியிருக்கிறது.,negative
வாழ்க்கையில் இன்பமும் துன்பமும் மாறி மாறி வரும்.,positive
என் வாழ்க்கையில் மகிழ்ச்சி குறைந்துவிட்டது.,negative
பெண்களுக்கு சம வாய்ப்பு இன்னும் கிடைக்கவில்லை.,negative
பணவீக்கம் கட்டுக்குள் இருப்பதாக நிதி அமைச்சர் தெரிவித்தார்.,real
தேசிய அளவில் தமிழ் மொழி மேம்பாட்டு திட்டம் புதிதாக அறிவிக்கப்பட்டது.,real
கவிதை படித்தால் மனதிற்கு அமைதி கிடைக்கும்.,positive
தமிழ்நாட்டில் சிறப்பு பொருளாதார மண்டலம் விரிவாக்கப்படுகிறது.,real
நம்பகமான ஒருவர் விட்டுச் சென்றார்.,negative
புதிய தொடக்கம் என்றும் மகிழ்ச்சியானது.,positive
தனிமையில் யாரும் நண்பன் இல்லை.,negative
குறிப்பிட்ட நடிகர் ஒரு அரசியல் கட்சியில் சேர்ந்தார் என்று வரும் செய்தி தவறானது.,fake
உறவினர்கள் உதவ மறுத்தனர்.,negative
ஒரே வாரத்தில் 20 கிலோ குறையும் என்று மாத்திரை.,fake
என் உண்மையான முயற்சி பலன் தரும்.,positive
தோட்டத்தில் பூத்த முல்லைப்பூ வாசனை மனதை நிறைக்கிறது.,positive
மனம் சோர்ந்து போகிறது.,negative
15 ஆகஸ்ட் முதல் அனைவருக்கும் 8 மணி நேர இலவச மின்சாரம்.,fake
வேலை நிலையற்றதாக உணர்கிறது.,negative
சர்க்கரை வியாதி வராமல் இருக்க தினமும் அரை கிலோ வேர்க்கடலை சாப்பிடுங்கள்.,fake
நான் விரும்பிய பல்கலைக்கழகத்தில் இடம் கிடைத்தது.,positive
உலக அரசுகள் ரகசியமாக ஒரு குழு நடத்துகின்றன.,fake
ஆதார் அப்டேட் செய்தால் ரூ.2000 நேரடியாக கணக்கில் வரும்.,fake
மழைக்காலத்தில் ஆறுகளில் வெள்ளம் வரும் அபாயம் இருப்பதாக அதிகாரிகள் தெரிவித்தனர்.,real
"யாரும் என்னை கேட்பதில்லை, மனம் வெதும்புகிறது.",negative
நம் தமிழ் மொழி அழியாமல் நிலைக்கட்டும்.,positive
நாளை இரவு 12 மணிக்கு வாட்ஸ்அப் கட்டணம் வசூல் செய்யப்படும் என்று நிர்வாகம் தெரிவித்துள்ளது.,fake
என்னால் தாக்குப்பிடிக்கவே கஷ்டமாக இருக்கிறது.,negative
மாணவர்கள் முன்னேறுவதை பார்க்கும்போது மகிழ்ச்சியாக இருக்கும்.,positive
"குழந்தைகள் கலை நிகழ்ச்சியில் பங்கேற்றனர், மனம் நிறைந்தது.",positive
"மாரத்தான் ஓட்டத்தில் முடித்தேன், பெருமையாக இருக்கிறது.",positive
"இன்று ஒரு மூதாட்டிக்கு உதவி செய்தேன், மனம் குளிர்ந்தது.",positive
ஆன்லைனில் ஆர்டர் செய்த பொருள் வாரம் கடந்தும் வரவில்லை.,negative
நல்ல சக ஊழியர்களுடன் வேலை செய்வது மகிழ்ச்சியானது.,positive
ஒரு கிராமத்தில் மிகவும் பழைய குரல் பதிவு கிடைத்தது.,fake
யாரும் உதவ இல்லை.,negative
தமிழக அரசு மூத்த குடிமக்கள் நலத்திட்டம் வலுப்படுத்துகிறது.,real
என் கஷ்டத்திற்கு முடிவே இல்லையா?,negative
நண்பர்களுடன் சாப்பிட்ட ஒவ்வொரு உணவும் விருந்துதான்.,positive
இன்று ஒரு மகிழ்ச்சியான திருப்புமுனை.,positive
நாளை முதல் வாட்ஸ்அப் கட்டணமாகும் என்று பேஸ்புக் தெரிவித்தது.,fake
அரசு தலைவர்கள் வேற்றுகிரக உயிரினங்களுடன் கூட்டணி வைத்துள்ளனர்.,fake
சேவைத் துறையில் தமிழகம் முன்னணி மாநிலமாக உள்ளது.,real
தினமும் புதிய கஷ்டம் காத்திருக்கிறது.,negative
"ரோட்டில் குப்பை சேர்ந்திருக்கிறது, யாரும் எடுக்கவில்லை.",negative
குழந்தை பெண்கள் கல்விக்கு அனுப்பப்படவில்லை.,negative
தன்னார்வலர்களாக சேவை செய்வது மகிழ்ச்சியானது.,positive
என் மகள் ஒவ்வொரு நாளும் என்னை ஆச்சரியப்படுத்துகிறாள்.,positive
எல்லாமே வீணாகிவிட்டது என்று தோன்றுகிறது.,negative
நூலகத்தில் நேரம் செலவிடுவது மனதிற்கு புத்துணர்வு தரும்.,positive
"நல்ல வார்த்தைகள் பேசுவோம், உலகம் நலமாகும்.",positive
தமிழ்நாட்டு பட்ஜெட்டில் உள்கட்டமைப்புக்கு பெரும் தொகை ஒதுக்கப்பட்டது.,real
பிரதமர் தமிழகத்தில் புதிய கட்டுமான திட்டங்களை தொடங்கி வைத்தார்.,real
"புது தமிழ் நாவல் படித்தேன், மனம் நிறைந்தது.",positive
நடைப் பயணம் மனதிற்கு நல்லது.,positive
என் கனவுகள் எல்லாம் நனவாகும்.,positive
இந்த நிலை மாற உள்ளம் ஆவல்படுகிறது.,negative
வாழ்க்கை ஒரு போராட்டமே.,negative
மார்கழி மாதத்தில் கோயில் சொல்ல போவது தனி சந்தோஷம்.,positive
"கடலில் இரகசிய நகரம் இருக்கிறது, அரசு மறைக்கிறது.",fake
ஒரு வருட கடின உழைப்புக்கு பரிசாக பதவி உயர்வு கிடைத்தது.,positive
என்னை அன்புடன் வளர்த்தவர் இறந்தார்.,negative
அறிவு பெறுவது எப்போதும் மகிழ்ச்சி தரும்.,positive
தேங்காய் எண்ணெய் உட்கொண்டால் இதய நோய் குணமாகும்.,fake
கல்லூரி சேர்க்கை நடைமுறை இந்த ஆண்டு முதல் ஆன்லைனில் மாறுகிறது.,real
நண்பர்களுடன் திட்டமிட்ட பயணம் நனவாகியது.,positive
"இன்று ஒரு மரம் நட்டேன், சந்தோஷமாக இருக்கிறது.",positive
இரண்டு மணி நேரம் காத்திருந்தும் சேவை கிடைக்கவில்லை.,negative
நிலவொளியில் நடைபோவது ஒரு இனிய அனுபவம்.,positive
மாநில அரசு புதிய வேலைவாய்ப்பு திட்டம் அறிவித்தது.,real
அலுவலக சூழல் மன உளைச்சலை ஏற்படுத்துகிறது.,negative
சாலைகளில் குழிகள் இருந்தும் யாரும் பொருட்படுத்துவதில்லை.,negative
நாட்டு மக்களுக்கு பொது சுகாதார சேவை மேம்படுத்தும் நடவடிக்கை.,real
"போட்டியில் வெற்றி பெற்றேன், அனைவருக்கும் நன்றி.",positive
"இன்று கிரகங்கள் மோசமாக நிற்கின்றன, வீட்டை விட்டு வெளியே போகாதீர்கள்.",fake
"சவால் எடுத்தேன், வென்றேன், இது என் வாழ்க்கையின் திருப்புமுனை.",positive
புதுப்பிக்கத்தக்க எரிசக்தி உற்பத்தி புதிய உச்சத்தை எட்டியது.,real
இறந்த மனிதர்களின் ஆவிகள் தொடர்பு கொள்ள முடியும் என்று ஆய்வு.,fake
ஒரு நிமிட கவலையோடு இந்த பதிவை திரும்பவும் பகிருங்கள்.,fake
என் முயற்சிக்கு பலன் இல்லை.,negative
"பாட்டி கையால் செய்த கொழுக்கட்டை சாப்பிட்டோம், அருமை.",positive
என் நாட்டு வளர்ச்சியில் பெருமை கொள்கிறேன்.,positive
வட மாவட்டங்களில் வடகிழக்கு பருவமழை நல்ல அளவில் பெய்தது.,real
"கரண்ட் தினமும் போகிறது, வேலை செய்ய முடியவில்லை.",negative
பசுமை மழைக்காடுகளை பாதுகாக்க புதிய சட்டம் கொண்டுவரப்படுகிறது.,real
என் வாழ்க்கை வழிதடுமாறுகிறது.,negative
"என் முயற்சி வீணாகவில்லை, வெற்றி பெற்றேன்.",positive
"நான் நினைத்தது சாதித்தேன், இன்று மிகவும் மகிழ்ச்சியாக இருக்கிறேன்.",positive
ஒவ்வொரு நாளும் ஒரு புது விஷயம் கற்றுக்கொள்கிறேன்.,positive
எல்லோரும் நலமாக இருக்க வேண்டும் என்று விரும்புகிறேன்.,positive
என் மனம் ஒளியிழந்துவிட்டது.,negative
யாரும் என்னோடு பேசுவதில்லை.,negative
தேர்தல் ஆணையம் வாக்காளர் பட்டியல் திருத்தம் அறிவித்தது.,real
தடகள போட்டியில் தமிழர் தேசிய சாதனை படைத்தார்.,real
என் மனம் ஓய்வு தேடுகிறது ஆனால் கிடைக்கவில்லை.,negative
ஆசிரியர் பணி மனதிற்கு மிகவும் திருப்தியளிக்கிறது.,positive
பசும்பால் குடிப்பவர்களுக்கு புற்றுநோய் வராது என்று புதிய ஆய்வு.,fake
"தூக்கம் வரவில்லை, மனம் ஓய்வில்லை.",negative
ரஞ்சி கிரிக்கெட் போட்டியில் தமிழ்நாடு வெற்றி பெற்றது.,real
சென்னை அமைப்பு செயற்கை நுண்ணறிவு மையம் தொடங்கியது.,real
மாவட்ட விளையாட்டு போட்டியில் 500 மேற்பட்ட வீரர்கள் கலந்துகொண்டனர்.,real
என்னுடைய நிலை மிகவும் மோசமாகிவிட்டது.,negative
இந்த ஆன்லைன் பிஸினஸ்ஸில் சேர்ந்தால் ஆறு மாதத்தில் கோடீஸ்வரராகலாம்.,fake
புன்னகையே சிறந்த அணிகலன்.,positive
"மழை தாரையில் நனைவது குழந்தைகளுக்கு மட்டுமில்லை, பெரியவர்களுக்கும் சந்தோஷம்.",positive
உலகம் என்னை மறந்துவிட்டது.,negative
என் மனசாட்சி என்னை விட்டு போகவில்லை.,negative
"என் மகன் நல்ல மனிதனாக வளர்கிறான், பெருமையாக இருக்கிறது.",positive
ஊரக வளர்ச்சித் திட்டங்கள் இந்த ஆண்டு விரைந்து நடைமுறைப்படுத்தப்படும்.,real
என் மேலதிகாரி என் உழைப்பை பாராட்டினார்.,positive
கிராமங்களில் மருத்துவ வசதி போதுமான அளவு இல்லை.,negative
என் நம்பிக்கை நொறுங்கிவிட்டது.,negative
துன்பம் வந்து தொலைந்துவிடாதா?,negative
"நாளை மழை வரும், பயிர்கள் அழியும் என்று வானிலை இலாகா சொல்வது பொய்.",fake
தினமும் 10 துளசி இலை சாப்பிட்டால் நீரிழிவு வராது.,fake
என் வலியை யாரும் அறிவதில்லை.,negative
பிரபல நடிகர் திடீரென்று ஆட்சி மாற்றத்தை ஆதரிப்பதாக அறிவித்துள்ளார்.,fake
சர்வதேச யோகா தினத்தில் தமிழகத்தில் நூற்றுக்கணக்கான நிகழ்ச்சிகள் நடந்தன.,real
விவசாயிகளுக்கு உதவும் புதிய தொழில்நுட்பம் கண்டுபிடிக்கப்பட்டது.,real
ஒரு பள்ளியில் ஆசிரியர் குழந்தைகளுக்கு தடுப்பூசி கொடுக்கவில்லை என்று சொல்வது பொய்.,fake
ஏழைகளுக்கு நீதி கிடைப்பது மிகவும் கஷ்டமாக இருக்கிறது.,negative
வாழ்க்கை அர்த்தமற்றதாக தோன்றுகிறது.,negative
"என் முதலாளி என்னை நம்புகிறார், இது என்னை மகிழ்விக்கிறது.",positive
என் முயற்சி எல்லாம் வீணாகிவிட்டன.,negative
பிளாஸ்டிக் கழிவுகள் நகரத்தை மலினமாக்குகின்றன.,negative
கட்சி தொழிலாளர்கள் பேரணி நடத்தினர்.,real
நைல் ஆற்றின் நீர் ஓட்டம் பார்க்கவே மனம் குளிரும்.,positive
தேசிய நெடுஞ்சாலை 4 லேன் விரிவாக்கம் பணி தொடங்கியது.,real
சென்னை மெட்ரோ ரயில் புதிய நிலையங்கள் திறக்கப்பட்டன.,real
ஊராட்சி அளவில் தெரு விளக்கு மேம்பாட்டு பணி தொடங்கியது.,real
சேவை செய்வதில் மகிழ்ச்சி இருக்கிறது.,positive
உணவில் கலப்படம் குழந்தைகளை பாதிக்கிறது.,negative
இந்த நாள் என்னை மகிழ்ச்சியாக வைத்திருக்கிறது.,positive
தினமும் ஒரு கிளாஸ் கோமூத்ரம் குடித்தால் ஆரோக்கியமாக இருக்கலாம்.,fake
கடலோர மீனவர்கள் வலைகள் வீசும் போட்டியில் வெற்றி பெற்றனர்.,real
ஒரு குறிப்பிட்ட பழத்தை சாப்பிட்டால் எயிட்ஸ் குணமாகும்.,fake
"ரத்த புற்றுநோய்க்கு கீமோதெரபி வேண்டாம், மூலிகை மருந்து போதும்.",fake
தமிழ்நாட்டில் புதிய நீர் சுத்திகரிப்பு நிலையம் திறக்கப்பட்டது.,real
கட்சி தலைவர்கள் மாநில அரசின் திட்டங்களை மதிப்பீடு செய்தனர்.,real
இன்று சாப்பிட்ட பிரியாணி அருமையாக இருந்தது.,positive
என் திட்டம் எதிர்பாராத விதமாக நன்றாக நடக்கிறது.,positive
நடப்பு நிதியாண்டில் தமிழ்நாட்டு ஏற்றுமதி 15% உயர்ந்தது.,real
அரசு மருத்துவமனையில் மருந்தே இல்லை.,negative
தமிழகத்தில் கிராமப்புற விளையாட்டு போட்டிகள் இந்த வாரம் நடைபெற்றன.,real
இந்த தயாரிப்பு புற்றுநோயை 48 மணி நேரத்தில் குணப்படுத்தும்.,fake
இந்த நட்சத்திரத்தினர் இந்த மாதம் எச்சரிக்கை: நிதி இழப்பு நிகழலாம்.,fake
ஒவ்வொரு நாளும் ஒரு நரகமாக உணர்கிறேன்.,negative
குற்றங்கள் குறையாமல் தினமும் அதிகரிக்கின்றன.,negative
கல்வி கட்டமைப்பு மேம்பாட்டுக்கு 500 கோடி ரூபாய் ஒதுக்கப்பட்டது.,real
"அரசு தங்கம் இலவசமாக தரும் திட்டம் வந்தது, விண்ணப்பிக்கவும்.",fake
நல்ல மனிதர்களுடன் இருப்பது வாழ்க்கையை அழகாக்கும்.,positive
நான் சுமந்த வலியை யாரும் புரிந்துகொள்வதில்லை.,negative
என்னை நம்பும் மக்களை ஏமாற்றமாட்டேன்.,positive
என் உடலும் மனமும் ஓய்ந்திருக்கின்றன.,negative
இந்த உலகம் நல்லவர்களால் நிறைந்திருக்கிறது.,positive
கல்கியின் வருகை 10 வருடத்தில் நடக்கும் என்று திருடப்பட்ட ஆவணம் சொல்கிறது.,fake
"வாழ்க்கை அழகானது, அதை அனுபவிக்க வேண்டும்.",positive
தொலைபேசி வாடிக்கையாளர் சேவை மோசமாக இருக்கிறது.,negative
சட்டமன்ற கூட்டத்தொடர் இன்று தொடங்கியது.,real
ஒரு குறிப்பிட்ட இடத்தில் பேய்கள் தினமும் காணப்படுகின்றன.,fake
தினமும் ஒரு தோல்வி.,negative
புதிய நெடுஞ்சாலை இணைப்பால் பயண நேரம் பாதியாக குறைந்தது.,real
"வாட்ஸ்அப் கதை: ஒரு பையன் இந்த பகிர்வை நிறுத்தினான், மறு நாள் அவனுக்கு விபத்து நேர்ந்தது.",fake
ஒரு பிரபல நடிகர் வியாதி மறைத்துள்ளார் என்பது பரவும் தகவல் தவறு.,fake
நம் ஊரில் புதிய பள்ளி திறக்கப்பட்டது.,positive
ஒரு நல்ல நண்பன் இருந்தால் எதுவும் சாத்தியம்.,positive
கல்விக் கட்டணம் ஏழை குழந்தைகளுக்கு கனவை தொலைக்கிறது.,negative
ஊர் ஊராக பயணம் செய்தால் மட்டுமே பணம் வரும் என்ற ரகசிய முறை.,fake
காவல் நிலையத்தில் புகார் கொடுத்தாலும் நடவடிக்கை இல்லை.,negative
முதல் சம்பளம் வாங்கிய நாள் என் வாழ்க்கையின் சிறந்த நாள்.,positive
தகுதி இருந்தும் அனுக்கூலம் இல்லாதவர்களுக்கு வாய்ப்பில்லை.,negative
இந்த செடியை வீட்டில் வைத்தால் எந்த கெட்டதும் நடக்காது.,fake
பிரபல விளையாட்டு வீரர் போதை மருந்து உட்கொண்டதாக வரும் தகவல் அடிப்படையற்றது.,fake
இன்று கற்ற பாடம் என் வாழ்க்கைக்கு பயனுள்ளதாக இருக்கும்.,positive
இந்திய அதிரடி கிரிக்கெட் குழு புதிய கேப்டன் அறிவிக்கப்பட்டார்.,real
என்னை யாரும் புரிந்துகொள்வதில்லை.,negative
ஒவ்வொரு பிரச்சினையும் ஒரு வாய்ப்பு.,positive
என் சொந்த ஊரை விட்டு வந்தது மனசை கனக்கச்செய்கிறது.,negative
கேரளாவின் இயற்கை எழில் பார்க்கவே மனம் குளிரும்.,positive
என்னை யாரும் மதிக்கவில்லை.,negative
என் துன்பம் யாரும் கவலைப்படவில்லை.,negative
விவசாயி தற்கொலை செய்துகொள்வது மிகவும் வேதனையான செய்தி.,negative
நான் எதிர்பார்த்ததை விட நல்ல மதிப்பெண் வந்தது.,positive
அடிமட்ட மக்கள் உரிமைகள் பறிக்கப்படுகின்றன.,negative
வயல்வெளியில் நடந்து செல்வது மனதிற்கு ஆறுதல் தருகிறது.,positive
தமிழர்களின் திறமை உலகை வியக்க வைக்கிறது.,positive
என் மனசாட்சி என்னை வருத்துகிறது.,negative
புது வாய்ப்புகள் வரும்போது துணிவுடன் ஏற்றுக்கொள்கிறேன்.,positive
சமீபத்தில் அரசு ஒரு கோடி குடும்பங்களுக்கு பணம் கொடுக்கும்.,fake
தமிழ்நாட்டில் கோவிட் தடுப்பூசி இலக்கு நிறைவு செய்யப்பட்டது.,real
ஒரு நல்ல படம் வாழ்க்கையை மாற்றிவிடும்.,positive
புரோமோஷன் கிடைக்காமல் ஏமாற்றமடைந்தேன்.,negative
இசை கேட்கும்போது கவலை எல்லாம் மறந்துவிடும்.,positive
கால சர்ப்ப தோஷம்: தீர்க்க இந்த வழிபாடு மட்டும் செய்யுங்கள்.,fake
என் பிள்ளை தேர்வில் 100 மதிப்பெண் பெற்றது.,positive
"அனைவரும் விட்டுவிட்டனர், தனிமை தாங்கவில்லை.",negative
நேரத்தை சரியாக பயன்படுத்தினால் வாழ்க்கை அர்த்தமுள்ளதாகும்.,positive
ஆற்றோரத்தில் உட்கார்ந்து சூரியஸ்தமனம் பார்ப்பது அமைதியானது.,positive
செல்போன் கதிர்வீச்சு 24 மணி நேரத்தில் மூளையை சேதப்படுத்தும்.,fake
என் குழந்தையின் சிரிப்பு என் மனதை ஒளிரச் செய்கிறது.,positive
என் குழந்தைகளை பிரிந்திருக்க வேண்டும்.,negative
காதலியின் புன்னகை என் நாளை அர்த்தமுள்ளதாக்கும்.,positive
இந்திய பாட்மிண்டன் வீரர் தொடரில் இரண்டாம் சுற்றை அடைந்தார்.,real
நிலத்தடி நீரில் அரசு விஷம் கலந்துள்ளதாக அதிர்ச்சி தகவல்.,fake
பல மாவட்டங்களில் புதிய அஞ்சலகம் கட்டமைக்கப்படுகிறது.,real
நீதிமன்றம் நோயாளிகளுக்கு சிகிச்சை வழங்க மருத்துவமனை கட்டளை பெற்றது.,real
மத்திய அரசு அனைவருக்கும் மாதம் ரூ.5000 கொடுக்கும்.,fake
மனம் அமைதி பெற முடியவில்லை.,negative
பிரிட்டானிக்கா கலைக்களஞ்சியம் நன்னீரை விட கோமியம் ஆரோக்கியமே என்று நிரூபித்தது.,fake
ஒரு பிரபல கவிஞர் ஊரை விட்டு தலைமறைவாகி உள்ளார் என்பது கற்பனை செய்தி.,fake
"வேலையில் வெற்றி கண்டேன், குடும்பம் பெருமைப்படுகிறது.",positive
தமிழ்நாட்டில் 10ம் வகுப்பு தேர்வு முடிவுகள் வெளியிடப்பட்டன.,real
என் சொத்து மோசடியில் போய்விட்டது.,negative
இந்தியா 5ஜி நெட்வொர்க் விரிவாக்கத்தில் முன்னணியில் இருக்கிறது.,real
தமிழ்நாட்டில் அனைத்து தொழிலாளர்களுக்கும் குறைந்தபட்ச ஊதியம் உயர்த்தப்பட்டது.,real
ஊரைவிட்டு வெளியே சென்று பார்க்கும்போது வாழ்வு விரிவடைகிறது.,positive
சென்னை வெள்ள மேலாண்மைக்கு புதிய திட்டம் செயல்படுத்தப்படுகிறது.,real
கரும்பு சாறு குடித்தால் கோடை வெப்பம் கூட தாங்கும்.,positive
பழைய நண்பர்கள் மறைந்துவிட்டனர்.,negative
என் வாழ்க்கையில் அன்பு நிறைந்திருக்கிறது.,positive
கஷ்டப்பட்டு பணிவிடை செய்தும் நன்றி சொல்லவில்லை.,negative
இன்று சமைத்த குழம்பை அனைவரும் புகழ்ந்தார்கள்.,positive
இந்திய நாடாளுமன்றம் இன்று மூன்று புதிய மசோதாக்களை நிறைவேற்றியது.,real
இன்று இரவு ஒரு குறிப்பிட்ட நட்சத்திரம் தீய ஆற்றல் கொண்டுவரும்.,fake
என் முயற்சி அங்கீகரிக்கப்படவில்லை.,negative
என் பணியை யாரோ திருட்டாக பயன்படுத்தினர்.,negative
என்னால் இனி தாங்க முடியாது என்று தோன்றுகிறது.,negative
"என் உடல்நலம் சரியில்லை, மனமும் தளர்கிறது.",negative
என் மனம் மீண்டும் எழுந்திரிக்க வழியில்லை.,negative
வேலையின்மை பிரச்சினை அதிகரித்துக்கொண்டே போகிறது.,negative
உள்ளாட்சி தேர்தல் அறிவிப்பு வந்துவிட்டது.,real
தினமும் அழுகை மட்டுமே துணையாக இருக்கிறது.,negative
புதிய புத்தகம் படிக்கத் தொடங்கினேன்.,positive
வாழ்க்கையில் எல்லாமே நல்லதற்கே நடக்கும்.,positive
எல்லாமே தாங்கவில்லை.,negative
என்னால் தாங்கவே கஷ்டமாக இருக்கிறது.,negative
இன்று படித்த கட்டுரை மனதை திறந்தது.,positive
ஐந்து நாள் இந்த மூலிகையை உட்கொண்டால் எந்த நோயும் வராது.,fake
நிம்மோனியா குணமாக நேரடியாக மஞ்சள் தண்ணீர் குடிக்க வேண்டும்.,fake
தமிழர்களின் வரலாற்று தேதி ஆயிரம் ஆண்டு பழமையானது என்று போலி ஆராய்ச்சி.,fake
வாழ்க்கையில் நம்பிக்கை இழந்துவிட்டேன்.,negative
இந்த சூழலில் மட்டுமே நான் வாழவேண்டுமா?,negative
இன்று ஒரு நல்ல செய்தி கிடைத்தது.,positive
ஆந்தை பார்த்தால் கஷ்டம் வரும் என்பது நிரூபிக்கப்பட்ட உண்மை.,fake
வெற்றி கிடைக்கும்போது கடந்த கால கஷ்டம் பலனாகும்.,positive
மஞ்சள் பால் குடித்தால் கொரோனா வராது என்று நிரூபிக்கப்பட்டுள்ளது.,fake
என் ஆய்வுக் கட்டுரை இதழில் வெளியிடப்பட்டது.,positive
என் குழு சிறந்த பணி செய்துள்ளது.,positive
பொங்கல் பண்டிகை கொண்டாட்டம் மனதை மகிழ்விக்கும்.,positive
"மகிழ்ச்சி என்பது தேடுவதில் இல்லை, இப்போது இருப்பதில் இருக்கிறது.",positive
மனசாட்சி குரல் கேட்கும்படி பயிற்சி பெற்றால் எதிர்கால நிகழ்வு தெரியும்.,fake
என் கடன் திட்டம் நன்றாக செயல்படுகிறது.,positive
நேர்மையாக வாழ்வது தண்டனையாக உணர்கிறது.,negative
என் பெற்றோர் இல்லாத வீடு வெறுமையாக உணர்கிறது.,negative
என் குடும்பம் சுமையை பகிர்ந்துகொள்வதில்லை.,negative
என்னால் மட்டும் இப்படி நடப்பதா?,negative
நம்பிக்கை இருந்தால் எந்த இலக்கும் சாதிக்கலாம்.,positive
நல்லதை செய்வதில் மட்டுமே உண்மையான மகிழ்ச்சி இருக்கிறது.,positive
என் பிள்ளையின் வெற்றி என் உழைப்பின் பலன்.,positive
புதிய அரசு மருத்துவமனை கட்டுமானம் ஆரம்பிக்கப்பட்டது.,real
"வாழ்க வளமுடன், வாழ்க தமிழ்.",positive
என் ஊரில் புதிய வளர்ச்சி நடைபெறுகிறது.,positive
அரசு கல்லூரிகளில் புதிய ஆராய்ச்சி மையங்கள் திறக்கப்பட்டன.,real
நான் மட்டும் ஏன் இப்படி கஷ்டப்படவேண்டும்.,negative
பாரம்பரிய ஆடைகள் அணிந்து கொண்டாட மனம் ஆவலில் இருக்கிறது.,positive
ஒரு குறிப்பிட்ட மணி முழக்கத்தை கேட்டால் வியாதி தீரும்.,fake
இணைய சேவை ஒப்பந்தப்படி வேகம் கிடைக்கவில்லை.,negative
புதிய தமிழ் படத்தின் பாடல்கள் மிக அருமையாக இருக்கின்றன.,positive
இந்த கோட் அனுப்பினால் உங்கள் போனில் வைரஸ் வரும்.,fake
தமிழ்நாட்டில் கனரக வாகன பிழைக்கான தண்டனை அதிகரிக்கப்பட்டது.,real
மழை வரும்போது மனம் குளிர்ச்சி அடைகிறது.,positive
ஒவ்வொரு நாளும் கடவுளுக்கு நன்றி சொல்கிறேன்.,positive
என் நிலைமை பார்க்க யாரும் இல்லை.,negative
என் ஊரில் பழைய வீடு இடிக்கப்பட்டது.,negative
என் புதிய தொழில் நல்ல நிலையில் செல்கிறது.,positive
வேலை சுமை தினமும் அதிகரிக்கிறது.,negative
நெருங்கிய நண்பர்களுடன் இருக்கும்போது எந்த கவலையும் இல்லை.,positive
"புதிய திட்டம் தொடங்கியது, மனம் ஊக்கம் பெற்றது.",positive
இந்த நடுரவில் மட்டுமே மனம் வெதும்புகிறது.,negative
என் ஆசிரியர் என்னை நல்ல வழியில் வழிநடத்தினார்.,positive
சுண்ணாம்பு கலந்த தண்ணீர் குடித்தால் எலும்பு மிடுக்காகும்.,fake
நீலம் நிற ஆடை அணிந்தால் நோய் வராது என்று ஜோதிடம் கூறுகிறது.,fake
ஒரு குறிப்பிட்ட பழத்தை தின்றால் கொரோனா வராது என்று ஐ.நா சொன்னது.,fake
தேசிய கால்பந்து லீக் முடிவுகள் இன்று அறிவிக்கப்பட்டன.,real
இந்த பண பரிமாற்ற சங்கிலியில் சேர்ந்தால் உங்கள் வாழ்க்கை மாறும்.,fake
மனசு கனத்துக்கொண்டே இருக்கிறது.,negative
தமிழ்நாட்டில் உழவர்களுக்கு சிறப்பு பயிற்சி நிலையம் தொடங்கியது.,real
தமிழ்நாட்டு சாப்பாட்டை விட சிறந்தது வேறு இல்லை.,positive
தமிழ் கலை மரபுகளை பாதுகாக்க வேண்டும்.,positive
வீட்டிலிருந்து வேலை: தினம் ரூ.5000 சம்பாதிக்கலாம்.,fake
தினமும் ஏதாவது தவறு நடக்கிறது.,negative
இனி முன்னேற முடியாது என்று உணர்கிறேன்.,negative
அமைச்சரவை கூட்டத்தில் புதிய உள்கட்டமைப்பு திட்டங்கள் அங்கீகரிக்கப்பட்டன.,real
குழந்தை ஊட்டச்சத்து திட்டம் புதிய வடிவம் பெற்றது.,real
நீர் மேலாண்மை திட்டம் இன்று அரசாங்கத்தால் அறிவிக்கப்பட்டது.,real
வரலாற்று நூலகம் டிஜிட்டல் வடிவத்தில் மாற்றப்படுகிறது.,real
பாட்மிண்டன் விளையாட்டில் பரிசு வென்றேன்.,positive
தன்னம்பிக்கையே வெற்றிக்கான முதல் படி.,positive
"இந்த ஆப்பில் 100 ரூபாய் போட்டால் 10,000 கிடைக்கும்.",fake
என் மருத்துவர் என்னை நல்ல ஆரோக்கியத்தில் பார்க்கிறார்.,positive
மத்திய அரசு விவசாயிகளுக்கு கூடுதல் கடன் தள்ளுபடி அறிவித்தது.,real
என் சொந்த ஆட்கள் என்னை கைவிட்டனர்.,negative
தனியார் நிறுவனங்கள் ஊழியர்களை நடத்துவது சரியில்லை.,negative
தமிழகத்தில் புதிய ஆராய்ச்சி நிலையம் கட்டப்படுகிறது.,real
"எந்த உணவும் வேண்டாம், மூன்று நாள் பட்டினி இருந்தால் புற்றுநோய் மறையும்.",fake
என் குடும்பம் கஷ்டத்தில் இருக்கிறது.,negative
"என் மனைவி என்னைப் புரிந்துகொள்கிறாள், அதுவே என் மகிழ்ச்சி.",positive
என்னால் முன்னேற முடியாமல் போகிறது.,negative
என் கனவுகள் உடைந்துவிட்டன.,negative
ஆராய்ச்சி செய்வது புதிய உலகை திறந்துவிடுகிறது.,positive
என்னால் யாரையும் சந்திக்கவே பயமாக இருக்கிறது.,negative
சிறந்த மனிதர்களுடன் வாழ்வது பாக்கியம்.,positive
என் தோல்வி என்னை திரும்ப மண்டியிட வைக்கிறது.,negative
என் மனம் ஒரு போராட்டமே.,negative
இன்று சந்தோஷமாக தூங்கப்போகிறேன்.,positive
ஒரு கிராமத்தில் மனிதர்கள் நடக்கும் கற்கள் கண்டுபிடிக்கப்பட்டன.,fake
என் முயற்சி வீண் என்று உணர்கிறேன்.,negative
"கணிதத்தில் திடீர் விடை புரிந்தது, மகிழ்ச்சி பொங்குகிறது.",positive
என் குடும்பம் சிதறியது.,negative
பிரபல தொழிலதிபர் நாட்டை விட்டு ஓடினார் என்று பரவும் தகவல் தவறானது.,fake
கடினமாக உழைத்தும் விளைவு இல்லை.,negative
நான் நம்பியவரிடமிருந்து காட்டிக்கொடுக்கப்பட்டேன்.,negative
என் வாழ்க்கை சிக்கலாகிவிட்டது.,negative
தமிழ்நாடு சட்டமன்றம் இன்று புதிய நில சட்ட திருத்தத்தை நிறைவேற்றியது.,real
மனம் எப்போதும் சோர்வாகவே இருக்கிறது.,negative
என் திட்டம் சரியான வழியில் செல்கிறது.,positive
நீச்சல் போட்டியில் இந்திய அணி ஆசியா அளவில் நான்காவது இடம் பெற்றது.,real
சிறு தொழில்களுக்கு வட்டியில்லாக் கடன் திட்டம் தொடங்கியது.,real
"நல்லவர்களுடன் சேர்ந்திருங்கள், வாழ்க்கை அர்த்தமுள்ளதாகும்.",positive
இந்த கோயிலில் கல் அசைகிறது என்று ஆயிரம் பேர் சாட்சி.,fake
இந்தியா ஐ.நா. அவையில் தன் நிலைப்பாட்டை தெளிவுபடுத்தியது.,real
கடலோர மீனவர்களுக்கு புதிய படகு திட்டம் வழங்கப்படும்.,real
என் மேல் யாருக்கும் அக்கறை இல்லை என்று தோன்றுகிறது.,negative
அரசு மருத்துவமனை மருந்துகள் அனைத்தும் கெட்டதாம்.,fake
ஏழை மாணவர்களுக்கு தரமான கல்வி கிடைக்கவில்லை.,negative
யாரும் இல்லா தனிமை என்னை கொல்கிறது.,negative
இன்று என் உடல் ஆரோக்கியமாக உணர்கிறது.,positive
இன்று நான் ஒரு புதியதை கண்டறிந்தேன்.,positive
நல்லதை நினைத்தால் நல்லதே நடக்கும்.,positive
தமிழ்நாட்டில் 50 லட்சம் மரங்கள் நட திட்டம் அறிவிக்கப்பட்டது.,real
பேருந்தில் இடம் இல்லாமல் தினமும் கஷ்டப்படுகிறோம்.,negative
கோலம் போடும்போது மனதில் சந்தோஷமும் அமைதியும் நிறைகிறது.,positive
தமிழகத்தில் கனரக மழை காரணமாக பள்ளிகளுக்கு விடுமுறை அறிவிக்கப்பட்டது.,real
இன்று ஒரு நல்ல திட்டம் தொடங்கினோம்.,positive
மனம் சோர்ந்தும் தொடர்ந்து போராட வேண்டியிருக்கிறது.,negative
விவசாயிகளுக்கு நேரடி நிவாரண நிதி வழங்கும் திட்டம் வந்தது.,real
என் தமிழ் மொழியில் பெருமை கொள்கிறேன்.,positive
வட சென்னையில் புதிய அரசு மருத்துவமனை கட்டுமானம் தொடங்கியது.,real
"தேர்வில் தோல்வி அடைந்தேன், மனம் கனக்கிறது.",negative
"வெளிநாட்டில் வேலை கொடுக்கிறோம், ரூ.1000 கட்டணம் மட்டும் செலுத்துங்கள்.",fake
இந்திய ஹாக்கி அணி ஆசியன் கேம்ஸில் தங்கம் வென்றது.,real
வியாழக்கிழமை கால வழிபாடு இல்லாதவர்களுக்கு பணம் தொலையும்.,fake
ஒரு குறிப்பிட்ட பறவை வீட்டில் வந்தால் செல்வம் வரும்.,fake
என்னால் இனி தொடர முடியுமா என்று தெரியவில்லை.,negative
மாவட்ட அளவில் சிறந்த ஆசிரியர் விருது வழங்கப்பட்டது.,real
கிரகங்களின் நிலை மாறியதால் பொருளாதார சரிவு வரும்.,fake
ஐந்து ஆண்டுகளில் 500 கி.மீ. புதிய சாலை அமைக்கும் திட்டம் அறிவிக்கப்பட்டது.,real
குடிப்பழக்கம் குடும்பத்தை சிதைக்கிறது.,negative
இந்த செய்தியை 100 பேருக்கு அனுப்பினால் உங்களுக்கு நல்ல செய்தி வரும்.,fake
கிராமப்புற மக்களுக்கு இலவச சுகாதார சேவை கிடைக்கும் என்று அரசு அறிவித்தது.,real
"என் அன்புக்குரியவர் இறந்தார், வாழ்க்கை வெறுமையாகிவிட்டது.",negative
மருத்துவரை சந்திக்க மாதக்கணக்கில் காத்திருக்க வேண்டும்.,negative
இன்று என் இதயம் நன்றியில் நிறைந்திருக்கிறது.,positive
"இன்று புது உடன்பிறப்பு பிறந்தார், வீடு மகிழ்ச்சியில் நிறைந்தது.",positive
வாழ்க்கை மிகவும் கட்டினமாக உள்ளது.,negative
குழு வேலை செய்யும்போது சாதிக்கும் சக்தி பெருகுகிறது.,positive
விவசாயிகளுக்கு பயிர் காப்பீடு தொகை வழங்கப்பட்டது.,real
பிரபல பாடகர் மேடையில் மயக்கம் அடைந்தார் என்று பரவும் செய்தி பொய்.,fake
முதல் முறையாக தேர்வு எழுதி தேர்ச்சி பெற்றேன்.,positive
பயம் என் வாழ்க்கையை சிக்கலாக்கிறது.,negative
புன்னகையுடன் ஒவ்வொரு நாளையும் தொடங்குவோம்.,positive
இந்திய அரசியலமைப்பு தினம் கொண்டாடப்பட்டது.,real
என் தோட்டத்தில் காய்கறிகள் நன்றாக வளருகின்றன.,positive
நேர்மறை ஆற்றல் கல்லை வாங்கினால் வியாதி குணமாகும்.,fake
குளிர்காலத்தில் மூடுபனி பார்க்கும்போது மனம் மகிழ்கிறது.,positive
நிலநடுக்கம் அளவீடு 4.2 ரிக்டர் என்று வானிலை ஆய்வு மையம் தெரிவித்தது.,real
புயல் எச்சரிக்கை: கடற்கரை மாவட்டங்களில் அரசு தயார் நிலையில் உள்ளது.,real
என் நெருங்கிய நண்பன் வெளிநாடு சென்றுவிட்டான்.,negative
என் சுற்றுப்புறம் பசுமையாக மாறுகிறது.,positive
வேப்பிலை தோரணம் கட்டாமல் வீட்டில் இருந்தால் கெட்டது நடக்கும்.,fake
தமிழ் திரைப்படங்கள் சமூக மாற்றத்திற்கு வழிகோலுகின்றன.,positive
நியாயமற்ற தேர்வு முறை என்னை பின்தள்ளியது.,negative
கோமியம் குடித்தால் 48 மணிக்கு கொவிட் வராது.,fake
சென்னை நகரில் மழை நீர் சேகரிப்பு திட்டம் வலுப்படுத்தப்பட்டது.,real
சிப்பி உடையின் சாறு புற்றுநோயை 100% குணப்படுத்தும்.,fake
என் தனிமை யாருக்கும் தெரிவதில்லை.,negative
இன்று நல்ல மனிதர்களை சந்தித்தேன்.,positive
நீதிமன்றம் பாதிக்கப்பட்ட விவசாயிகளுக்கு நிவாரணம் அளிக்க அரசிற்கு உத்தரவிட்டது.,real
